step,inner_iterations,linear_residual_ratio,converged,min_dtau,max_dtau
1,3,4.878830366e-07,1,0,0
2,3,5.629283964e-07,1,3.397744146e-07,0.1591928323
3,3,6.953655244e-07,1,3.465633065e-07,0.1595598097
4,3,7.95959566e-07,1,3.523679551e-07,0.159927633
5,3,8.687276314e-07,1,3.5610624e-07,0.1602963043
6,3,9.214417052e-07,1,3.586861333e-07,0.1606658255
7,3,9.50789636e-07,1,3.613295212e-07,0.1610361984
8,3,9.658611821e-07,1,3.638806383e-07,0.1614074252
9,3,9.826373581e-07,1,3.662285151e-07,0.1617795078
10,3,1.000681706e-06,1,3.682983394e-07,0.162152448
11,3,1.035955722e-06,1,3.697474925e-07,0.162526248
12,3,1.090066369e-06,1,3.700612171e-07,0.1629009097
13,3,1.161179937e-06,1,3.707088659e-07,0.1632764351
14,3,1.245808324e-06,1,3.716721576e-07,0.1636528262
15,3,1.329500387e-06,1,3.728158268e-07,0.1640300849
16,3,1.42069344e-06,1,3.740904785e-07,0.1644082133
17,3,1.523232144e-06,1,3.753298595e-07,0.1647872134
18,3,1.644855191e-06,1,3.764860972e-07,0.1651670871
19,3,1.790103884e-06,1,3.772234406e-07,0.1655478366
20,3,1.956182042e-06,1,3.779727866e-07,0.1659294638
21,3,2.146345858e-06,1,3.78816731e-07,0.1663119707
22,3,2.358981861e-06,1,3.797287354e-07,0.1666953594
23,3,2.602434051e-06,1,3.806741775e-07,0.1670796318
24,3,2.878840387e-06,1,3.816279714e-07,0.1674647902
25,3,3.197290219e-06,1,3.82487443e-07,0.1678508364
26,3,3.559964183e-06,1,3.833503366e-07,0.1682377725
27,3,3.97510691e-06,1,3.842396975e-07,0.1686256006
28,3,4.448814126e-06,1,3.851477662e-07,0.1690143228
29,3,4.992206959e-06,1,3.860625667e-07,0.1694039411
30,3,5.621589589e-06,1,3.869767803e-07,0.1697944575
31,3,6.352683099e-06,1,3.878866266e-07,0.1701858741
32,3,7.217270816e-06,1,3.887910683e-07,0.1705781931
33,3,8.243670169e-06,1,3.896917487e-07,0.1709714164
34,3,9.486094013e-06,1,3.905911971e-07,0.1713655462
35,3,1.10003881e-05,1,3.91490573e-07,0.1717605846
36,3,1.285935116e-05,1,3.923921015e-07,0.1721565337
37,3,1.515677347e-05,1,3.932969554e-07,0.1725533955
38,3,1.796893694e-05,1,3.94205683e-07,0.1729511721
39,3,2.140669127e-05,1,3.951183306e-07,0.1733498657
40,3,2.554340317e-05,1,3.960346252e-07,0.1737494785
41,3,3.044163545e-05,1,3.969541579e-07,0.1741500124
42,3,3.617599514e-05,1,3.978765272e-07,0.1745514696
43,3,4.270110015e-05,1,3.988014292e-07,0.1749538523
44,3,4.999300329e-05,1,3.997286941e-07,0.1753571626
45,3,5.798040454e-05,1,4.006582846e-07,0.1757614026
46,3,6.638638362e-05,1,4.015902679e-07,0.1761665745
47,3,7.499778085e-05,1,4.025247768e-07,0.1765726804
48,3,8.357034037e-05,1,4.034619698e-07,0.1769797224
49,3,9.153456668e-05,1,4.044019977e-07,0.1773877028
50,3,9.850419491e-05,1,4.053449823e-07,0.1777966237
51,3,0.000104240366,1,4.062910064e-07,0.1782064873
52,3,0.0001084432818,1,4.072401165e-07,0.1786172956
53,3,0.0001110862566,1,4.081923332e-07,0.179029051
54,3,0.0001121774763,1,4.091476667e-07,0.1794417556
55,3,0.0001121352783,1,4.101061311e-07,0.1798554116
56,3,0.0001114974108,1,4.110677568e-07,0.1802700211
57,3,0.0001106327991,1,4.120325963e-07,0.1806855865
58,3,0.0001098482328,1,4.130007243e-07,0.1811021097
59,3,0.0001092801179,1,4.139722334e-07,0.1815195932
60,3,0.0001089588947,1,4.14947225e-07,0.1819380391
61,3,0.000108773795,1,4.159258013e-07,0.1823574496
62,3,0.0001087090617,1,4.169080575e-07,0.1827778269
63,3,0.0001087298411,1,4.178940771e-07,0.1831991733
64,3,0.0001088131158,1,4.188839318e-07,0.1836214911
65,3,0.0001089322637,1,4.198776849e-07,0.1840447823
66,3,0.0001091326465,1,4.207866403e-07,0.1844690493
67,3,0.0001094216008,1,4.215750492e-07,0.1848942944
68,3,0.0001098032816,1,4.223529904e-07,0.1853205198
69,3,0.0001102380435,1,4.231238685e-07,0.1857477277
70,3,0.0001106928967,1,4.238905457e-07,0.1861759204
71,3,0.0001111113128,1,4.246553176e-07,0.1866051003
72,3,0.0001114476344,1,4.254200524e-07,0.1870352694
73,3,0.0001116515149,1,4.261863462e-07,0.1874664303
74,3,0.0001117427684,1,4.269557667e-07,0.187898585
75,3,0.0001117645222,1,4.277302951e-07,0.188331736
76,3,0.0001117350382,1,4.285122121e-07,0.1887658855
77,3,0.0001116517063,1,4.293041216e-07,0.1892010358
78,3,0.0001115555835,1,4.301068509e-07,0.1896371892
79,3,0.0001114753328,1,4.309217814e-07,0.1900743481
80,3,0.0001114251331,1,4.317488358e-07,0.1905125147
81,3,0.0001114277377,1,4.325878217e-07,0.1909516914
82,3,0.0001114362452,1,4.334385243e-07,0.1913918805
83,3,0.0001114406442,1,4.343009756e-07,0.1918330844
84,3,0.0001114072538,1,4.351755672e-07,0.1922753053
85,3,0.0001112796675,1,4.360624436e-07,0.1927185457
86,3,0.0001110653198,1,4.369614998e-07,0.1931628078
87,3,0.0001107635926,1,4.378725038e-07,0.1936080941
88,3,0.0001104410134,1,4.387952357e-07,0.1940544068
89,3,0.0001101650663,1,4.397295812e-07,0.1945017484
90,3,0.0001099670147,1,4.406756022e-07,0.1949501213
91,3,0.0001098348185,1,4.416338546e-07,0.1953995277
92,3,0.000109778595,1,4.426045625e-07,0.1958499701
93,3,0.0001098341027,1,4.435875551e-07,0.1963014509
94,3,0.0001100090646,1,4.445827303e-07,0.1967539725
95,3,0.0001103320273,1,4.455900966e-07,0.1972075373
96,3,0.000110808576,1,4.4658708e-07,0.1976621476
97,3,0.000111397898,1,4.47548895e-07,0.1981178059
98,3,0.0001121447054,1,4.485088451e-07,0.1985745146
99,3,0.0001130302617,1,4.494629897e-07,0.1990322761
100,3,0.0001140615252,1,4.504296252e-07,0.1994910929
101,3,0.0001151419788,1,4.514089499e-07,0.1999509674
102,3,0.0001162841545,1,4.524010155e-07,0.200411902
103,3,0.0001175445951,1,4.534058573e-07,0.2008738991
104,3,0.0001188778918,1,4.544235003e-07,0.2013369613
105,3,0.0001202485123,1,4.554538569e-07,0.2018010909
106,3,0.0001215760903,1,4.564947846e-07,0.2022662905
107,3,0.0001229417615,1,4.575454894e-07,0.2027325624
108,3,0.0001242956771,1,4.586097192e-07,0.2031999092
109,3,0.0001255648272,1,4.59685633e-07,0.2036683334
110,3,0.0001267141594,1,4.60772714e-07,0.2041378374
111,3,0.0001277380574,1,4.618709549e-07,0.2046084237
112,3,0.0001286864654,1,4.6298008e-07,0.2050800949
113,3,0.0001294598888,1,4.641000408e-07,0.2055528533
114,3,0.0001300752094,1,4.652310221e-07,0.2060267016
115,3,0.00013056773,1,4.663743158e-07,0.2065016422
116,3,0.0001309639105,1,4.675225337e-07,0.2069776776
117,3,0.0001313054996,1,4.686769546e-07,0.2074548104
118,3,0.0001316180298,1,4.698375374e-07,0.2079330432
119,3,0.0001319037777,1,4.710041262e-07,0.2084123783
120,3,0.0001321554625,1,4.721767526e-07,0.2088928185
121,3,0.0001323802789,1,4.733554159e-07,0.2093743662
122,3,0.0001325847041,1,4.745400231e-07,0.2098570239
123,3,0.000132757737,1,4.757303368e-07,0.2103407943
124,3,0.0001328463871,1,4.769260198e-07,0.2108256799
125,3,0.0001328676744,1,4.781266734e-07,0.2113116833
126,3,0.0001327561289,1,4.793318676e-07,0.2117988071
127,3,0.0001324753731,1,4.805411625e-07,0.2122870537
128,3,0.0001319856304,1,4.81754118e-07,0.2127764259
129,3,0.0001313162653,1,4.829703529e-07,0.2132669263
130,3,0.0001304739615,1,4.841895115e-07,0.2137585573
131,3,0.000129463382,1,4.854112725e-07,0.2142513217
132,3,0.0001283617484,1,4.866356643e-07,0.214745222
133,3,0.0001272204303,1,4.87862787e-07,0.2152402608
134,3,0.0001261144203,1,4.890921967e-07,0.2157364409
135,3,0.0001250786435,1,4.903235585e-07,0.2162337647
136,3,0.0001241737448,1,4.915566101e-07,0.216732235
137,3,0.0001234217026,1,4.927911357e-07,0.2172318544
138,3,0.0001228252347,1,4.940269461e-07,0.2177326256
139,3,0.0001223653201,1,4.952638531e-07,0.2182345511
140,3,0.0001220422976,1,4.965016579e-07,0.2187376337
141,3,0.0001218288104,1,4.977401709e-07,0.219241876
142,3,0.0001216962968,1,4.989791817e-07,0.2197472808
143,3,0.0001216381783,1,5.002184796e-07,0.2202538506
144,3,0.0001216414704,1,5.014578737e-07,0.2207615881
145,3,0.0001216899067,1,5.026971748e-07,0.2212704961
146,3,0.00012176256,1,5.039361925e-07,0.2217805773
147,3,0.0001218509351,1,5.051747364e-07,0.2222918343
148,3,0.0001219629669,1,5.064126417e-07,0.2228042699
149,3,0.0001221000753,1,5.076497523e-07,0.2233178868
150,3,0.0001222672298,1,5.088859041e-07,0.2238326877
151,3,0.0001224898167,1,5.101209412e-07,0.2243486754
152,3,0.0001227719552,1,5.113547142e-07,0.2248658525
153,3,0.0001231151975,1,5.125870896e-07,0.2253842218
154,3,0.0001235047633,1,5.138179132e-07,0.2259037861
155,3,0.0001239247097,1,5.150470953e-07,0.2264245481
156,3,0.0001243639809,1,5.162745817e-07,0.2269465106
157,3,0.000124794878,1,5.175003548e-07,0.2274696763
158,3,0.0001251773249,1,5.187244315e-07,0.2279940481
159,3,0.0001254846724,1,5.199468645e-07,0.2285196287
160,3,0.0001256797969,1,5.211677432e-07,0.2290464208
161,3,0.000125748496,1,5.22387193e-07,0.2295744273
162,3,0.000125677634,1,5.236053731e-07,0.230103651
163,3,0.0001254647274,1,5.248224725e-07,0.2306340947
164,3,0.0001250918586,1,5.260387056e-07,0.2311657612
165,3,0.0001245726727,1,5.272543102e-07,0.2316986534
166,3,0.0001239191952,1,5.284695468e-07,0.2322327739
167,3,0.0001231452272,1,5.296846958e-07,0.2327681257
168,3,0.0001222656765,1,5.309000583e-07,0.2333047117
169,3,0.000121321155,1,5.321159522e-07,0.2338425346
170,3,0.0001203301934,1,5.333327054e-07,0.2343815973
171,3,0.0001193335698,1,5.345506505e-07,0.2349219027
172,3,0.0001183610154,1,5.357701188e-07,0.2354634536
173,3,0.0001174490519,1,5.3699157e-07,0.2360062529
174,3,0.0001166295063,1,5.382156399e-07,0.2365503035
175,3,0.0001159234086,1,5.3944248e-07,0.2370956083
176,3,0.0001153402432,1,5.406721745e-07,0.2376421701
177,3,0.0001148888811,1,5.419048248e-07,0.2381899919
178,3,0.0001145793324,1,5.431405478e-07,0.2387390765
179,3,0.0001143978142,1,5.443794822e-07,0.2392894269
180,3,0.0001143294719,1,5.456217875e-07,0.239841046
181,3,0.0001143467703,1,5.468676456e-07,0.2403939368
182,3,0.0001144256667,1,5.481172727e-07,0.240948102
183,3,0.0001145391723,1,5.493708458e-07,0.2415035448
184,3,0.0001146483044,1,5.506284174e-07,0.2420602679
185,3,0.0001147278758,1,5.518898913e-07,0.2426182745
186,3,0.0001147531341,1,5.53154684e-07,0.2431775674
187,3,0.0001147042996,1,5.544220187e-07,0.2437381495
188,3,0.0001145589691,1,5.556898483e-07,0.244300024
189,3,0.0001143088443,1,5.569572401e-07,0.2448631937
190,3,0.0001139440097,1,5.582241356e-07,0.2454276617
191,3,0.0001134688061,1,5.594911089e-07,0.2459934309
192,3,0.0001128884608,1,5.607590693e-07,0.2465605043
193,3,0.0001122043895,1,5.620289795e-07,0.247128885
194,3,0.0001114260127,1,5.633015956e-07,0.2476985759
195,3,0.0001105776056,1,5.645773984e-07,0.2482695801
196,3,0.000109672383,1,5.658569634e-07,0.2488419006
197,3,0.0001087265053,1,5.671401422e-07,0.2494155405
198,3,0.0001077501664,1,5.684267082e-07,0.2499905027
199,3,0.0001067606611,1,5.697163541e-07,0.2505667904
200,3,0.0001057711899,1,5.710087562e-07,0.2511444065
201,3,0.0001047879247,1,5.723036403e-07,0.2517233543
202,3,0.0001038203114,1,5.73600824e-07,0.2523036366
203,3,0.000102869931,1,5.749002321e-07,0.2528852567
204,3,0.0001019355798,1,5.762013225e-07,0.2534682176
205,3,0.0001010154985,1,5.775033399e-07,0.2540525224
206,3,0.0001001077119,1,5.788070415e-07,0.2546381742
207,3,9.92095842e-05,1,5.801128348e-07,0.2552251762
208,3,9.831243192e-05,1,5.814212918e-07,0.2558135314
209,3,9.741767049e-05,1,5.827330844e-07,0.2564032431
210,3,9.651952544e-05,1,5.840486222e-07,0.2569943143
211,3,9.562191102e-05,1,5.853682094e-07,0.2575867484
212,3,9.472316941e-05,1,5.866919678e-07,0.2581805483
213,3,9.383120241e-05,1,5.880199408e-07,0.2587757174
214,3,9.295524743e-05,1,5.893521398e-07,0.2593722589
215,3,9.209379012e-05,1,5.906885667e-07,0.2599701761
216,3,9.126157478e-05,1,5.920292403e-07,0.2605694721
217,3,9.045596306e-05,1,5.933741894e-07,0.2611701503
218,3,8.968927473e-05,1,5.947234466e-07,0.2617722141
219,3,8.896864817e-05,1,5.960770387e-07,0.2623756667
220,3,4.141602613e-06,1,5.97434968e-07,0.2629805117
221,3,4.594839318e-06,1,2.993985996e-07,0.1317933762
222,3,5.088659971e-06,1,3.060860079e-07,0.1347391373
223,3,5.626906507e-06,1,3.129229647e-07,0.1377507405
224,3,6.213181658e-06,1,3.199128391e-07,0.1408296575
225,3,6.850997073e-06,1,3.27059055e-07,0.1439773928
226,3,7.544235823e-06,1,3.343650971e-07,0.1471954846
227,3,8.297026087e-06,1,3.418345161e-07,0.1504855058
228,3,9.114350352e-06,1,3.494709335e-07,0.153849064
229,3,1.000198708e-05,1,3.572780449e-07,0.157287803
230,3,1.096657679e-05,1,3.652596235e-07,0.1608034033
231,3,1.20150752e-05,1,3.734195223e-07,0.1643975831
232,3,1.315496454e-05,1,3.817616755e-07,0.1680720989
233,3,1.439466855e-05,1,3.902901007e-07,0.1718287464
234,3,1.574202064e-05,1,3.990088988e-07,0.1756693617
235,3,1.720590464e-05,1,4.079222558e-07,0.1795958218
236,3,1.879498068e-05,1,4.170344425e-07,0.1836100459
237,3,2.051946076e-05,1,4.263498153e-07,0.1877139958
238,3,2.239019184e-05,1,4.358728164e-07,0.1919096776
239,3,2.441777535e-05,1,4.456079738e-07,0.1961991421
240,3,2.661574927e-05,1,4.55559902e-07,0.200584486
241,3,2.899975521e-05,1,4.657333019e-07,0.2050678531
242,3,3.158358121e-05,1,4.761329614e-07,0.209651435
243,3,3.438476382e-05,1,4.867637563e-07,0.2143374727
244,3,3.742237397e-05,1,4.976306521e-07,0.2191282572
245,3,4.071746243e-05,1,5.087387061e-07,0.2240261309
246,3,4.429090776e-05,1,5.200930705e-07,0.2290334889
247,3,4.816536322e-05,1,5.31698995e-07,0.2341527799
248,3,5.236373653e-05,1,5.435618308e-07,0.2393865074
249,3,5.691750822e-05,1,5.556870351e-07,0.2447372313
250,3,6.18545135e-05,1,5.680801743e-07,0.250207569
251,3,6.72086495e-05,1,5.807469303e-07,0.2558001966
252,3,7.301867374e-05,1,5.936931026e-07,0.2615178501
253,3,7.932032475e-05,1,6.069246153e-07,0.2673633272
254,3,8.615137026e-05,1,6.204475228e-07,0.2733394884
255,3,9.356099946e-05,1,6.342680154e-07,0.2794492582
256,3,9.388897657e-05,1,6.483924326e-07,0.2856956269
257,3,9.432279683e-05,1,6.498665343e-07,0.286370375
258,3,9.487831027e-05,1,6.513042256e-07,0.2870308934
259,3,9.555230189e-05,1,6.527416006e-07,0.2876929644
260,3,9.634295029e-05,1,6.541789806e-07,0.2883565915
261,3,9.724982115e-05,1,6.556166616e-07,0.2890217781
262,3,9.827883455e-05,1,6.570548939e-07,0.2896885271
263,3,9.943163768e-05,1,6.5849388e-07,0.2903568411
264,3,0.0001007236174,1,6.599337812e-07,0.2910267222
265,3,0.0001021575777,1,6.613747248e-07,0.291698172
266,3,0.0001037452104,1,6.628168119e-07,0.2923711917
267,3,0.0001054893705,1,6.642601203e-07,0.293045782
268,3,0.0001074026713,1,6.657012923e-07,0.293721943
269,3,0.0001094826135,1,6.671424394e-07,0.2943996746
270,3,0.0001117370438,1,6.685848951e-07,0.2950789761
271,3,0.0001141644065,1,6.700286583e-07,0.2957598463
272,3,0.0001167569972,1,6.714737236e-07,0.2964422838
273,3,0.0001195169494,1,6.729200803e-07,0.2971262869
274,3,0.0001224384103,1,6.743677228e-07,0.2978118535
275,3,0.0001255168154,1,6.758166557e-07,0.2984989814
276,3,0.0001287457541,1,6.772668892e-07,0.2991876683
277,3,0.0001321147628,1,6.787184569e-07,0.2998779118
278,3,0.0001356115209,1,6.801714069e-07,0.3005697097
279,3,0.0001392153591,1,6.81625801e-07,0.3012630596
280,3,0.0001429148044,1,6.830817118e-07,0.3019579597
281,3,0.0001466886358,1,6.845392235e-07,0.3026544082
282,3,0.0001505197551,1,6.859984259e-07,0.3033524035
283,3,0.0001543883939,1,6.874594109e-07,0.3040519448
284,3,0.0001582707685,1,6.889222715e-07,0.3047530314
285,3,0.0001621460932,1,6.903871012e-07,0.305455663
286,3,0.0001659896303,1,6.918539954e-07,0.3061598402
287,3,0.0001697779462,1,6.933230524e-07,0.3068655636
288,3,0.0001734943091,1,6.947943723e-07,0.3075728348
289,3,0.0001771151554,1,6.962680566e-07,0.3082816554
290,3,0.0001806229756,1,6.977442076e-07,0.3089920278
291,3,0.0001840045764,1,6.992229268e-07,0.3097039548
292,3,0.0001872480921,1,7.007043141e-07,0.3104174394
293,3,0.0001903527498,1,7.021884664e-07,0.3111324852
294,3,0.0001933174179,1,7.036754777e-07,0.3118490957
295,3,0.0001961327002,1,7.051654396e-07,0.3125672751
296,3,0.0001987873138,1,7.06658444e-07,0.3132870272
297,3,0.0002012755992,1,7.081545918e-07,0.3140083564
298,3,0.0002036232604,1,7.096539882e-07,0.3147312667
299,3,0.0002058820312,1,7.111567453e-07,0.3154557623
300,3,0.0002080197323,1,7.126629917e-07,0.3161818472
301,3,0.0002100579073,1,7.141728793e-07,0.3169095252
302,3,0.000211976716,1,7.156865939e-07,0.3176387999
303,3,0.0002137909824,1,7.172043575e-07,0.3183696749
304,3,0.00021549315,1,7.187264254e-07,0.3191021531
305,3,0.0002170970489,1,7.202530748e-07,0.3198362375
306,3,0.0002185789115,1,7.217846192e-07,0.3205719306
307,3,0.000219934546,1,7.233214041e-07,0.3213092348
308,3,0.0002211577677,1,7.248638039e-07,0.3220481522
309,3,0.0002222454364,1,7.264122196e-07,0.3227886847
310,3,0.0002231861832,1,7.279670739e-07,0.323530834
311,3,0.0002239805216,1,7.295288029e-07,0.3242746018
312,3,0.0002246127523,1,7.310978468e-07,0.32501999
313,3,0.0002250864545,1,7.326736006e-07,0.3257670002
314,3,0.0002254174592,1,7.3424532e-07,0.3265156347
315,3,0.0002256193965,1,7.358247412e-07,0.3272658959
316,3,0.0002257067023,1,7.374123238e-07,0.3280177868
317,3,0.0002256946177,1,7.390084975e-07,0.328771311
318,3,0.0002256130181,1,7.406136605e-07,0.3295264732
319,3,0.0002254832069,1,7.422281777e-07,0.3302832788
320,3,0.0002253012821,1,7.438523806e-07,0.3310417346
321,3,0.0002250989377,1,7.454865675e-07,0.3318018486
322,3,0.0002249167662,1,7.47131007e-07,0.3325636305
323,3,0.0002247913909,1,7.487859407e-07,0.3333270917
324,3,0.0002247512334,1,7.504515658e-07,0.3340922452
325,3,0.0002248238993,1,7.521282261e-07,0.3348591063
326,3,0.0002250606265,1,7.538162558e-07,0.3356276921
327,3,0.000225495988,1,7.55515766e-07,0.3363980222
328,3,0.0002261773327,1,7.572268221e-07,0.3371701181
329,3,0.0002271399815,1,7.589494738e-07,0.3379440036
330,3,0.0002284253122,1,7.606838349e-07,0.3387197047
331,3,0.0002300763181,1,7.624300491e-07,0.3394972495
332,3,0.0002321378646,1,7.641882484e-07,0.3402766679
333,3,0.0002346457611,1,7.659584868e-07,0.3410579917
334,3,0.0002376357648,1,7.677407565e-07,0.3418412541
335,3,0.0002411515423,1,7.695349428e-07,0.3426264894
336,3,0.0002452227767,1,7.713407987e-07,0.3434137328
337,3,0.0002498658252,1,7.731580016e-07,0.3442030199
338,3,0.0002550808204,1,7.749861837e-07,0.3449943862
339,3,0.0002608333711,1,7.768249306e-07,0.3457878669
340,3,0.0002670629156,1,7.786737864e-07,0.3465834959
341,3,0.0002736601649,1,7.805322653e-07,0.3473813057
342,3,0.0002804700155,1,7.823998709e-07,0.3481813266
343,3,0.0002872819238,1,7.842761116e-07,0.3489835865
344,3,0.0002938367502,1,7.861605093e-07,0.3497881102
345,3,0.0002997950658,1,7.880526004e-07,0.3505949188
346,3,0.0003048523094,1,7.899519244e-07,0.3514040298
347,3,0.0003086747268,1,7.918580264e-07,0.3522154561
348,3,0.000310997808,1,7.937704237e-07,0.3530292063
349,3,0.000311707075,1,7.956886126e-07,0.3538452844
350,3,0.0003108520284,1,7.976120844e-07,0.3546636895
351,3,0.0003085394991,1,7.99540341e-07,0.3554844161
352,3,0.0003050169071,1,8.014729124e-07,0.3563074539
353,3,0.0003005536541,1,8.034093692e-07,0.3571327885
354,3,0.0002954906136,1,8.053493346e-07,0.357960401
355,3,0.0002901339807,1,8.07292479e-07,0.358790269
356,3,0.0002847464283,1,8.092385342e-07,0.3596223668
357,3,0.0002795407445,1,8.111872573e-07,0.3604566659
358,3,0.0002746859987,1,8.131384319e-07,0.3612931354
359,3,0.0002702749067,1,8.150918644e-07,0.3621317429
360,3,0.0002663554348,1,8.170473818e-07,0.3629724547
361,3,0.0002629795005,1,8.190048302e-07,0.3638152367
362,3,0.0002601190409,1,8.209640688e-07,0.3646600545
363,3,0.0002577826736,1,8.229249631e-07,0.3655068744
364,3,0.0002559587559,1,8.248873773e-07,0.3663556632
365,3,0.0002545923444,1,8.268511808e-07,0.3672063891
366,3,0.0002536740387,1,8.288162669e-07,0.3680590218
367,3,0.0002531727088,1,8.307825785e-07,0.3689135325
368,3,0.00025304975,1,8.327501638e-07,0.3697698944
369,3,0.0002532872008,1,8.347191799e-07,0.3706280825
370,3,0.0002538740798,1,8.366898285e-07,0.3714880737
371,3,0.0002547794965,1,8.386624085e-07,0.3723498468
372,3,0.0002559769513,1,8.406373052e-07,0.3732133824
373,3,0.0002574477208,1,8.426149839e-07,0.3740786628
374,3,0.0002592105415,1,8.445959877e-07,0.3749456718
375,3,0.0002611899896,1,8.465809051e-07,0.3758143948
376,3,0.0002634474239,1,8.485703615e-07,0.3766848186
377,3,0.0002659592079,1,8.505650123e-07,0.3775569313
378,3,0.0002687061021,1,8.525655169e-07,0.3784307224
379,3,0.0002716668423,1,8.545725765e-07,0.3793061827
380,3,0.0002748427531,1,8.565869596e-07,0.3801833045
381,3,0.0002782075653,1,8.586094966e-07,0.3810620819
382,3,0.0002817834121,1,8.606410809e-07,0.3819425103
383,3,0.0002855491399,1,8.626826585e-07,0.3828245875
384,3,0.0002894942398,1,8.647352178e-07,0.3837083131
385,3,0.0002935786438,1,8.667997796e-07,0.3845936895
386,3,0.0002978130353,1,8.688773663e-07,0.3854807213
387,3,0.0003021415536,1,8.709689744e-07,0.3863694163
388,3,0.0003065014145,1,8.730757293e-07,0.3872597851
389,3,0.0003109185794,1,8.75198714e-07,0.3881518417
390,3,0.0003152974933,1,8.773388414e-07,0.3890456031
391,3,0.0003196834193,1,8.794969178e-07,0.3899410897
392,3,0.0003240250782,1,8.816736321e-07,0.390838325
393,3,0.0003282350462,1,8.838695368e-07,0.3917373357
394,3,0.0003322867751,1,8.860850524e-07,0.3926381511
395,3,0.000336176282,1,8.883204404e-07,0.393540803
396,3,0.0003399103199,1,8.905758152e-07,0.3944453254
397,3,0.0003434274659,1,8.928511651e-07,0.3953517536
398,3,0.0003466892488,1,8.951462555e-07,0.3962601245
399,3,0.0003497587468,1,8.974607179e-07,0.3971704751
400,3,0.0003526430787,1,8.997940496e-07,0.3980828428
401,3,0.0003553062186,1,9.021455929e-07,0.398997264
402,3,0.0003577747498,1,9.045145372e-07,0.3999137743
403,3,0.0003600675346,1,9.068999257e-07,0.4008324074
404,3,0.0003622029446,1,9.09300656e-07,0.4017531951
405,3,0.0003642001852,1,9.117155176e-07,0.4026761663
406,3,0.0003661426496,1,9.141431929e-07,0.4036013473
407,3,0.0003680366307,1,9.165822766e-07,0.404528761
408,3,0.0003699716323,1,9.190313024e-07,0.4054584273
409,3,0.0003719781072,1,9.214887427e-07,0.4063903623
410,3,0.0003741374351,1,9.239530129e-07,0.4073245791
411,3,0.0003765038654,1,9.264224776e-07,0.4082610874
412,3,0.000379206623,1,9.288954558e-07,0.4091998941
413,3,0.0003823049661,1,9.313702375e-07,0.410141003
414,3,0.0003858357713,1,9.338453091e-07,0.4110844159
415,3,0.0003899489219,1,9.363189623e-07,0.4120301325
416,3,0.0003946490932,1,9.387895747e-07,0.4129781511
417,3,0.0004000179132,1,9.412552321e-07,0.4139284687
418,3,0.0004061812639,1,9.437141837e-07,0.4148810821
419,3,0.0004131846491,1,9.4616479e-07,0.4158359876
420,3,0.0004211973047,1,9.486055694e-07,0.4167931821
421,3,0.0004302654366,1,9.510351521e-07,0.4177526631
422,3,0.0004404804528,1,9.534522871e-07,0.4187144291
423,3,0.0004519420184,1,9.558559054e-07,0.4196784802
424,3,0.0004647457991,1,9.582451271e-07,0.4206448179
425,3,0.0004789634291,1,9.606192353e-07,0.4216134454
426,3,0.0004946833937,1,9.629776706e-07,0.4225843679
427,3,0.0005119434552,1,9.653198887e-07,0.4235575924
428,3,0.0005306959202,1,9.676454532e-07,0.4245331278
429,3,0.0005510437739,1,9.699540258e-07,0.4255109848
430,3,0.0005728634456,1,9.722454884e-07,0.4264911755
431,3,0.000596215079,1,9.745198151e-07,0.4274737136
432,3,0.0006208613511,1,9.767773952e-07,0.4284586141
433,3,0.000646734336,1,9.790187707e-07,0.4294458926
434,3,0.0006735943266,1,9.812446561e-07,0.4304355657
435,3,0.0007009972077,1,9.834564737e-07,0.4314276501
436,3,0.0007285997911,1,9.856542571e-07,0.4324221627
437,3,0.0007560253037,1,9.8783466e-07,0.43341912
438,3,0.0007827601474,1,9.899818459e-07,0.4344185381
439,3,0.0008082965457,1,9.921002589e-07,0.4354204322
440,3,0.0008320910708,1,9.94207887e-07,0.4364248162
441,3,0.0008535429026,1,9.96311255e-07,0.4374317027
442,3,0.0008723152497,1,9.984197147e-07,0.4384411028
443,3,0.0008881511417,1,1.000536724e-06,0.4394530256
444,3,0.0009008740884,1,1.002664053e-06,0.4404674781
445,3,0.0009102395923,1,1.004803557e-06,0.4414844653
446,3,0.0009161285421,1,1.00694276e-06,0.4425039899
447,3,0.0009186804369,1,1.009085477e-06,0.443526052
448,3,0.0009180814082,1,1.011243349e-06,0.4445506496
449,3,0.0009146722107,1,1.013418835e-06,0.4455777779
450,3,0.0009090423704,1,1.015614097e-06,0.4466074301
451,3,0.0009013929292,1,1.017830818e-06,0.4476395969
452,3,0.0008922071749,1,1.02006844e-06,0.4486742668
453,3,0.0008819417231,1,1.022323431e-06,0.4497114266
454,3,0.0008710002465,1,1.024597616e-06,0.450751061
455,3,0.000859809927,1,1.026894437e-06,0.4517931532
456,3,0.0008485792903,1,1.029216636e-06,0.4528376854
457,3,0.0008373978346,1,1.031561877e-06,0.4538846385
458,3,0.0008265604853,1,1.033932403e-06,0.454933993
459,3,0.0008162793658,1,1.036332379e-06,0.4559857292
460,3,0.0008066831104,1,1.038763676e-06,0.4570398272
461,3,0.0007978100196,1,1.041226459e-06,0.4580962678
462,3,0.0007895692288,1,1.043720134e-06,0.4591550325
463,3,0.0007822771855,1,1.046243856e-06,0.4602161039
464,3,0.000775930922,1,1.048796731e-06,0.4612794661
465,3,0.0007705648963,1,1.051377809e-06,0.462345105
466,3,0.0007660647988,1,1.053985983e-06,0.4634130084
467,3,0.0007622682284,1,1.056620465e-06,0.4644831664
468,3,0.0007594619655,1,1.059280039e-06,0.4655555716
469,3,0.0007574959743,1,1.061962434e-06,0.4666302188
470,3,0.0007563691294,1,1.064665442e-06,0.4677071058
471,3,0.0007560340904,1,1.067386813e-06,0.4687862327
472,3,0.0007563994409,1,1.070124172e-06,0.4698676026
473,3,0.0007575548437,1,1.072875033e-06,0.4709512208
474,3,0.0007594950261,1,1.075636777e-06,0.4720370952
475,3,0.0007621310302,1,1.078406623e-06,0.4731252362
476,3,0.0007655785793,1,1.081181641e-06,0.474215656
477,3,0.0007697752895,1,1.083958781e-06,0.4753083689
478,3,0.0007747180712,1,1.086734963e-06,0.476403391
479,3,0.0007804175944,1,1.089507019e-06,0.4775007397
480,3,0.0007868446425,1,1.092271705e-06,0.4786004336
481,3,0.0007940985168,1,1.095025651e-06,0.4797024922
482,3,0.0008022106808,1,1.097765348e-06,0.4808069358
483,3,0.0008112418687,1,1.100487493e-06,0.4819137849
484,3,0.0008211994793,1,1.103189568e-06,0.4830230602
485,3,0.000832026884,1,1.105868431e-06,0.4841347823
486,3,0.0008437234118,1,1.108521809e-06,0.4852489713
487,3,0.00085643936,1,1.111147992e-06,0.4863656469
488,3,0.0008701998566,1,1.113745466e-06,0.487484828
489,3,0.0008849361524,1,1.11631266e-06,0.4886065324
490,3,0.0009006943887,1,1.118848227e-06,0.489730777
491,3,0.0009174205839,1,1.121323198e-06,0.4908575773
492,3,0.0009351638984,1,1.123696265e-06,0.4919869477
493,3,0.0009538815971,1,1.126029654e-06,0.4931189009
494,3,0.0009733530319,1,1.12832249e-06,0.4942534485
495,3,0.0009935042036,1,1.130466243e-06,0.4953906003
496,3,0.001014224696,1,1.132506905e-06,0.4965303648
497,3,0.001035316279,1,1.134512144e-06,0.4976727493
498,3,0.001056555445,1,1.136485862e-06,0.4988177592
499,3,0.001077566854,1,1.138431367e-06,0.4999653992
500,3,0.001098198426,1,1.140352895e-06,0.5011156724
501,3,0.001118430088,1,1.142254449e-06,0.502268581
502,3,0.001137850156,1,1.144138974e-06,0.5034241265
503,3,0.001155899845,1,1.146020651e-06,0.5045823093
504,3,0.001172286128,1,1.147907625e-06,0.5057431297
505,3,0.001186674411,1,1.149811784e-06,0.5069065874
506,3,0.001198875114,1,1.151736627e-06,0.5080726819
507,3,0.001208689716,1,1.153673245e-06,0.5092414131
508,3,0.00121578389,1,1.155627989e-06,0.510412781
509,3,0.001219778847,1,1.157602788e-06,0.511586786
510,3,0.001220605338,1,1.159598275e-06,0.5127634295
511,3,0.00121827283,1,1.161619968e-06,0.5139427137
512,3,0.001212630958,1,1.163673663e-06,0.5151246417
513,3,0.001203586558,1,1.165763308e-06,0.5163092181
514,3,0.001191502963,1,1.167890429e-06,0.5174964488
515,3,0.00117653883,1,1.17005363e-06,0.5186863412
516,3,0.00115863099,1,1.172252754e-06,0.5198789043
517,3,0.001138382115,1,1.174492635e-06,0.5210741488
518,3,0.001116250371,1,1.176780769e-06,0.5222720871
519,3,0.001092450434,1,1.179114222e-06,0.5234727334
520,3,0.001067604333,1,1.181480511e-06,0.5246761034
521,3,0.001042199571,1,1.18387316e-06,0.5258822147
522,3,0.001016508493,1,1.186294426e-06,0.5270910864
523,3,0.0009910084364,1,1.188745424e-06,0.5283027393
524,3,0.0009660700698,1,1.191132322e-06,0.5295171953
525,3,0.0009422026178,1,1.193541206e-06,0.5307344779
526,3,0.0009195935952,1,1.195980615e-06,0.5319546113
527,3,0.0008984434721,1,1.198448562e-06,0.533177621
528,3,0.0008792298037,1,1.200942417e-06,0.5344035329
529,3,0.0008623770395,1,1.203459773e-06,0.5356323736
530,3,0.0008480422107,1,1.205998324e-06,0.5368641698
531,3,0.0008364962507,1,1.2085558e-06,0.5380989482
532,3,6.792016659e-05,1,1.211116044e-06,0.5393367355
533,3,7.608279913e-05,1,6.068446968e-07,0.2702887787
534,3,8.452919556e-05,1,6.203259752e-07,0.2763294689
535,3,9.333825427e-05,1,6.341154425e-07,0.2825051782
536,3,0.0001025106031,1,6.482193887e-07,0.288818928
537,3,0.0001120791721,1,6.626437095e-07,0.2952738075
538,3,0.000122181167,1,6.773937384e-07,0.3018729756
539,3,0.0001330284149,1,6.924747434e-07,0.3086196621
540,3,0.0001448838565,1,7.078924023e-07,0.3155171695
541,3,0.0001579683217,1,7.236529308e-07,0.3225688748
542,3,0.0001724513598,1,7.397630493e-07,0.3297782309
543,3,0.0001884905539,1,7.562299063e-07,0.3371487683
544,3,0.0002062682882,1,7.730609843e-07,0.3446840969
545,3,0.0002259861213,1,7.902640053e-07,0.3523879077
546,3,0.0002479106844,1,8.078468779e-07,0.3602639746
547,3,0.000272388772,1,8.258176726e-07,0.3683161563
548,3,0.0002998131913,1,8.441846163e-07,0.3765483981
549,3,0.000330587704,1,8.629561052e-07,0.3849647337
550,3,0.0003652009393,1,8.821407569e-07,0.3935692875
551,3,0.0004041821889,1,9.017474786e-07,0.4023662764
552,3,0.0004480904852,1,9.217855366e-07,0.4113600117
553,3,0.000497441829,1,9.422646176e-07,0.4205549012
554,3,0.0005529995602,1,9.631948767e-07,0.429955451
555,3,0.0006155255318,1,9.845869689e-07,0.4395662676
556,3,0.0006858284378,1,1.006452067e-06,0.4493920599
557,3,0.0007649840184,1,1.028802049e-06,0.459437641
558,3,0.000854130014,1,1.051649329e-06,0.4697079306
559,3,0.0009547369195,1,1.075006426e-06,0.4802079569
560,3,0.001068555319,1,1.098886452e-06,0.4909428586
561,3,0.001197630376,1,1.123303026e-06,0.5019178881
562,3,0.001344058558,1,1.148270292e-06,0.5131384127
563,3,0.001509970678,1,1.173802948e-06,0.5246099182
564,3,0.001697872567,1,1.199916226e-06,0.5363380107
565,3,0.001909877525,1,1.226625977e-06,0.5483284198
566,3,0.002148315085,1,1.253948732e-06,0.560587001
567,3,0.002414500455,1,1.281901848e-06,0.5731197393
568,3,0.002553936417,1,1.310503504e-06,0.5859327514
569,3,0.00269689223,1,1.3135751e-06,0.5873189928
570,3,0.002838591645,1,1.316615678e-06,0.5886759994
571,3,0.00297164626,1,1.319699803e-06,0.5900361227
572,3,0.003087895859,1,1.32282891e-06,0.591399358
573,3,0.00318059582,1,1.326003989e-06,0.5927657027
574,3,0.003245000443,1,1.329225528e-06,0.5941351569
575,3,0.003278975301,1,1.332493473e-06,0.5955077232
576,3,0.003282726313,1,1.335807244e-06,0.5968834066
577,3,0.00325843723,1,1.339165955e-06,0.5982622143
578,3,0.003211350112,1,1.342568541e-06,0.5996441552
579,3,0.003146141169,1,1.346013871e-06,0.6010292401
580,3,0.003068495936,1,1.349500903e-06,0.6024174811
581,3,0.002983455854,1,1.353028811e-06,0.6038088912
582,3,0.002894737708,1,1.356596292e-06,0.6052034836
583,3,0.002805825892,1,1.360201958e-06,0.6066012719
584,3,0.002718153448,1,1.363844281e-06,0.6080022688
585,3,0.002634244634,1,1.367521523e-06,0.6094064864
586,3,0.002554368223,1,1.371231748e-06,0.6108139359
587,3,0.00247952567,1,1.374972793e-06,0.6122246267
588,3,0.002409773451,1,1.378742344e-06,0.613638567
589,3,0.002345503626,1,1.382537956e-06,0.6150557632
590,3,0.002286460139,1,1.386357225e-06,0.6164762201
591,3,0.002232271405,1,1.39019788e-06,0.6178999411
592,3,0.002182863456,1,1.394057854e-06,0.619326928
593,3,0.0001928400903,1,1.397935302e-06,0.6207571813
594,3,0.0002160230232,1,7.009143103e-07,0.3110953504
595,3,0.0002387232934,1,7.168666304e-07,0.3180494246
596,3,0.0002612026576,1,7.331510241e-07,0.325158953
597,3,0.000283339469,1,7.497739967e-07,0.3324274093
598,3,0.0003051679512,1,7.667506327e-07,0.3398583446
599,3,0.0003272311665,1,7.840981564e-07,0.34745539
600,3,0.0003502888179,1,8.018329345e-07,0.3552222574
601,3,0.0003748033718,1,8.19969431e-07,0.3631627417
602,3,0.00040096337,1,8.385202689e-07,0.3712807221
603,3,0.0004287765141,1,8.574964961e-07,0.3795801645
604,3,0.0004582343021,1,8.769082128e-07,0.388065123
605,3,0.0004893457262,1,8.967652749e-07,0.3967397424
606,3,0.0005221637734,1,9.170776965e-07,0.4056082596
607,3,0.0005568436919,1,9.378557976e-07,0.4146750063
608,3,0.000593546133,1,9.591102823e-07,0.4239444108
609,3,0.0006324010365,1,9.808522479e-07,0.4334210002
610,3,0.000673469724,1,1.003093172e-06,0.4431094027
611,3,0.0007167882455,1,1.025844924e-06,0.4530143498
612,3,0.0007623732442,1,1.049119764e-06,0.4631406789
613,3,0.0008101931389,1,1.072930373e-06,0.4734933354
614,3,0.0008601663519,1,1.097289867e-06,0.4840773758
615,3,0.0009122406913,1,1.122211823e-06,0.4948979697
616,3,0.0009665684855,1,1.147710291e-06,0.5059604027
617,3,0.001023362581,1,1.173799787e-06,0.5172700793
618,3,0.001082794315,1,1.200495271e-06,0.528832525
619,3,0.001145093123,1,1.227812105e-06,0.5406533897
620,3,0.001210586605,1,1.255765997e-06,0.5527384498
621,3,0.001279695869,1,1.28437292e-06,0.5650936118
622,3,0.001353011606,1,1.313649039e-06,0.5777249141
623,3,0.001430764405,1,1.343610643e-06,0.5906385309
624,3,0.001513588209,1,1.374274048e-06,0.6038407745
625,3,0.001601831624,1,1.405655536e-06,0.617338098
626,3,0.001696838429,1,1.43777129e-06,0.6311370987
627,3,0.001799022119,1,1.470637316e-06,0.6452445204
628,3,0.001909937263,1,1.504269342e-06,0.6596672565
629,3,0.001918461383,1,1.538682828e-06,0.674412353
630,3,0.001937381852,1,1.543117561e-06,0.6760049898
631,3,0.001965202937,1,1.547484037e-06,0.6775639245
632,3,0.002000672241,1,1.55185547e-06,0.6791264069
633,3,0.0020438388,1,1.556221773e-06,0.6806924402
634,3,0.002094831728,1,1.560575485e-06,0.682262027
635,3,0.002154818383,1,1.564910688e-06,0.6838351695
636,3,0.002224154953,1,1.569221623e-06,0.6854118701
637,3,0.002304932304,1,1.573502203e-06,0.6869921312
638,3,0.002398701965,1,1.577746137e-06,0.6885759559
639,3,0.002506620985,1,1.581947083e-06,0.6901633479
640,3,0.00263006858,1,1.586098742e-06,0.6917543124
641,3,0.002771168229,1,1.590195453e-06,0.6933488556
642,3,0.002931653231,1,1.594231765e-06,0.6949469854
643,3,0.003113891116,1,1.598203063e-06,0.6965487115
644,3,0.003319663023,1,1.602105366e-06,0.6981540453
645,3,0.003551233199,1,1.605936002e-06,0.6997630003
646,3,0.003809372465,1,1.609692381e-06,0.7013755917
647,3,0.004093681934,1,1.613374415e-06,0.7029918365
648,3,0.004400894677,1,1.616906564e-06,0.7046117533
649,3,0.004724388777,1,1.620281764e-06,0.706235362
650,3,0.005052521967,1,1.623588846e-06,0.7078626836
651,3,0.005368729001,1,1.626837303e-06,0.7094937401
652,3,0.005651819963,1,1.629899227e-06,0.7111285536
653,3,0.005878951965,1,1.632910881e-06,0.7127671465
654,3,0.006032635976,1,1.6359192e-06,0.7144095408
655,3,0.006104119697,1,1.638931034e-06,0.7160557579
656,3,0.006095672445,1,1.641946359e-06,0.7177058181
657,3,0.006018001237,1,1.644963735e-06,0.7193597406
658,3,0.005890277365,1,1.647983427e-06,0.7210175427
659,3,0.005730045837,1,1.651007318e-06,0.72267924
660,3,0.005550749985,1,1.654037627e-06,0.7243448457
661,3,0.005366358247,1,1.657075998e-06,0.7260143707
662,3,0.005185714882,1,1.660127826e-06,0.7276878234
663,3,0.005013949043,1,1.663188244e-06,0.7293652095
664,3,0.004853752531,1,1.666252519e-06,0.7310465318
665,3,0.004706940145,1,1.669316811e-06,0.7327317904
666,3,0.004572126809,1,1.672387194e-06,0.7344209829
667,3,0.004449485526,1,1.675456465e-06,0.736114104
668,3,0.004337925739,1,1.678520289e-06,0.737811146
669,3,0.004236249083,1,1.6815766e-06,0.7395120991
670,3,0.004145438947,1,1.684623374e-06,0.7412169516
671,3,0.004062044969,1,1.68765872e-06,0.7429256898
672,3,0.0004179236622,1,1.690681237e-06,0.7446382992
673,3,0.000471683304,1,8.468450371e-07,0.373177382
674,3,0.0005218164944,1,8.656031574e-07,0.3815183623
675,3,0.0005702302526,1,8.847645712e-07,0.3900457564
676,3,0.000617278086,1,9.043224668e-07,0.3987637266
677,3,0.0006634073079,1,9.242853169e-07,0.4076765277
678,3,0.0007095574416,1,9.446671465e-07,0.416788509
679,3,0.0007569476451,1,9.654825133e-07,0.4261041164
680,3,0.0008067760575,1,9.867446372e-07,0.4356278947
681,3,0.0008596324102,1,1.008465195e-06,0.4453644895
682,3,0.0009158203764,1,1.030654766e-06,0.4553186499
683,3,0.0009754343863,1,1.053323466e-06,0.4654952302
684,3,0.001038583188,1,1.07648142e-06,0.4758991926
685,3,0.001105265789,1,1.100139021e-06,0.4865356095
686,3,0.00117551288,1,1.124307013e-06,0.4974096658
687,3,0.001249375648,1,1.14899651e-06,0.5085266617
688,3,0.001327097838,1,1.174218973e-06,0.5198920153
689,3,0.001408323588,1,1.199986236e-06,0.531511265
690,3,0.001492850603,1,1.22631054e-06,0.5433900728
691,3,0.001580827156,1,1.253204578e-06,0.5555342269
692,3,0.001671133048,1,1.280681524e-06,0.567949645
693,3,0.001764578891,1,1.30875507e-06,0.5806423769
694,3,0.001860062992,1,1.337439475e-06,0.5936186082
695,3,0.001959211189,1,1.366749503e-06,0.6068846632
696,3,0.002061938672,1,1.396700368e-06,0.620447008
697,3,0.002169357426,1,1.427307607e-06,0.6343122548
698,3,0.002281346381,1,1.458587061e-06,0.6484871645
699,3,0.002398490316,1,1.490554932e-06,0.6629786509
700,3,0.002520939305,1,1.523227953e-06,0.6777937848
701,3,0.002649422013,1,1.556623852e-06,0.6929397978
702,3,0.002784501227,1,1.59076099e-06,0.7084240864
703,3,0.002926235024,1,1.625658687e-06,0.7242542169
704,3,0.003075648697,1,1.66133745e-06,0.7404379291
705,3,0.003233910685,1,1.697818965e-06,0.7569831412
706,3,0.003401652592,1,1.735125901e-06,0.7738979538
707,3,0.003580060934,1,1.773281652e-06,0.7911906549
708,3,0.003584183856,1,1.812235941e-06,0.808869724
709,3,0.003610459704,1,1.815834968e-06,0.8107740255
710,3,0.003654054588,1,1.819382598e-06,0.8126380721
711,3,0.003712645993,1,1.822981307e-06,0.8145065841
712,3,0.003785696767,1,1.826633677e-06,0.8163796091
713,3,0.003874954128,1,1.830341181e-06,0.8182571933
714,3,0.003980347011,1,1.834104757e-06,0.820139381
715,3,0.004105295522,1,1.837925374e-06,0.8220262141
716,3,0.004249914668,1,1.841721541e-06,0.8239177319
717,3,0.004414286463,1,1.845567688e-06,0.8258139704
718,3,0.004598543288,1,1.849472557e-06,0.827714962
719,3,0.004801114406,1,1.853437789e-06,0.8296207356
720,3,0.005020081527,1,1.857465444e-06,0.8315313158
721,3,0.005252561807,1,1.861558333e-06,0.8334467233
722,3,0.005493684442,1,1.865720408e-06,0.8353669747
723,3,0.005734843509,1,1.86995625e-06,0.8372920826
724,3,0.005968452311,1,1.874270404e-06,0.8392220556
725,3,0.006188441868,1,1.878666656e-06,0.8411568981
726,3,0.006388445547,1,1.883148179e-06,0.8430966108
727,3,0.006558345382,1,1.887717727e-06,0.8450411906
728,3,0.006691189098,1,1.892378132e-06,0.8469906308
729,3,0.006788352095,1,1.897132452e-06,0.848944921
730,3,0.006851075895,1,1.901986291e-06,0.8509040481
731,3,0.006880260562,1,1.906948035e-06,0.852867996
732,3,0.006879947832,1,1.911996979e-06,0.8548367463
733,3,0.006852021971,1,1.917128858e-06,0.8568102785
734,3,0.006800626661,1,1.922346158e-06,0.8587885708
735,3,0.006732945232,1,1.927650838e-06,0.8607716002
736,3,0.006649952038,1,1.933042214e-06,0.8627593433
737,3,0.006557791428,1,1.938521775e-06,0.8647517766
738,3,0.006457151628,1,1.944081432e-06,0.8667488772
739,3,0.006352232835,1,1.94971343e-06,0.8687506232
740,3,0.006244199896,1,1.95541724e-06,0.8707569941
741,3,0.006135565793,1,1.961192517e-06,0.8727679711
742,3,0.006025174661,1,1.967037717e-06,0.8747835376
743,3,0.005915423861,1,1.972950158e-06,0.8768036795
744,3,0.005808522124,1,1.978927793e-06,0.8788283851
745,3,0.005698313319,1,1.984965939e-06,0.8808576458
746,3,0.005594969595,1,1.991058617e-06,0.8828914554
747,3,0.005495798024,1,1.997200142e-06,0.8849298107
748,3,0.005396612675,1,2.003385474e-06,0.8869727115
749,3,0.005300171864,1,2.009609207e-06,0.8890201601
750,3,0.005207639941,1,2.015865296e-06,0.8910721613
751,3,0.005119285846,1,2.022147424e-06,0.8931287225
752,3,0.005035299306,1,2.028449327e-06,0.8951898534
753,3,0.004953787728,1,2.034764902e-06,0.8972555659
754,3,0.004876972707,1,2.041088213e-06,0.8993258735
755,3,0.004806041301,1,2.047413418e-06,0.9014007919
756,3,0.004741984577,1,2.0537346e-06,0.9034803382
757,3,0.004682094597,1,2.060045836e-06,0.9055645309
758,3,0.004630574327,1,2.06634085e-06,0.9076533903
759,3,0.004587384732,1,2.072612836e-06,0.9097469374
760,3,0.004552734916,1,2.078854047e-06,0.9118451948
761,3,0.004526909549,1,2.085055835e-06,0.9139481858
762,3,0.004512344362,1,2.091209014e-06,0.9160559349
763,3,0.004511044292,1,2.097304416e-06,0.9181684671
764,3,0.00452289628,1,2.103332973e-06,0.9202858086
765,3,0.004550288775,1,2.109286588e-06,0.9224079857
766,3,0.004594386038,1,2.115157665e-06,0.9245350254
767,3,0.004656425271,1,2.120947384e-06,0.9266669547
768,3,0.004735689521,1,2.12664407e-06,0.928803801
769,3,0.004834267383,1,2.132229626e-06,0.9309455911
770,3,0.004949503852,1,2.137713729e-06,0.9330923518
771,3,0.005080780114,1,2.143061982e-06,0.9352441088
772,3,0.005225818866,1,2.148264924e-06,0.937400887
773,3,0.005380977827,1,2.15334202e-06,0.9395627102
774,3,0.005542220068,1,2.15830162e-06,0.9417296004
775,3,0.005706355531,1,2.163055e-06,0.943901578
776,3,0.005866935222,1,2.167535106e-06,0.9460786612
777,3,0.006019090078,1,2.171896845e-06,0.9482608661
778,3,0.006158044862,1,2.1761446e-06,0.9504482063
779,3,0.006282297665,1,2.180038908e-06,0.9526406928
780,3,0.006391151343,1,2.183876212e-06,0.954838334
781,3,0.00648177495,1,2.187673786e-06,0.9570411358
782,3,0.006553459109,1,2.191445157e-06,0.9592491013
783,3,0.00660740496,1,2.195200323e-06,0.9614622312
784,3,0.006645850579,1,2.198947055e-06,0.9636805239
785,3,0.006672711829,1,2.202692011e-06,0.9659039756
786,3,0.006689317554,1,2.206441424e-06,0.9681325804
787,3,0.006699130165,1,2.210200422e-06,0.9703663309
788,3,0.006703155745,1,2.213976243e-06,0.9726052182
789,3,0.006703855974,1,2.217778679e-06,0.9748492326
790,3,0.006702211078,1,2.221603386e-06,0.9770983633
791,3,0.006699069867,1,2.225449947e-06,0.9793525994
792,3,0.006698683956,1,2.229320507e-06,0.9816119296
793,3,0.006699436422,1,2.233217462e-06,0.9838763432
794,3,0.006699970632,1,2.23714355e-06,0.9861458299
795,3,0.006700156502,1,2.241101195e-06,0.9884203803
796,3,0.006701028334,1,2.245092724e-06,0.9906999863
797,3,0.006699769933,1,2.249119828e-06,0.9929846414
798,3,0.00669670698,1,2.253184229e-06,0.9952743406
799,3,0.006691669032,1,2.257285966e-06,0.9975690813
800,3,0.006685312975,1,2.261424325e-06,0.999868863
801,3,0.006672850816,1,2.265598847e-06,1.002173688
802,3,0.0066507942,1,2.269809469e-06,1.004483561
803,3,0.006624489756,1,2.274056302e-06,1.006798489
804,3,0.006588697108,1,2.27833959e-06,1.009118483
805,3,0.006541365285,1,2.282650315e-06,1.011443557
806,3,0.006482236853,1,2.286930265e-06,1.013773727
807,3,0.006411766115,1,2.291248386e-06,1.016109013
808,3,0.006328517262,1,2.29560641e-06,1.018449437
809,3,0.006231932841,1,2.300007135e-06,1.020795025
810,3,0.006125371815,1,2.3044545e-06,1.023145806
811,3,0.006007300431,1,2.308953349e-06,1.025501808
812,3,0.005880518537,1,2.313508953e-06,1.027863067
813,3,0.005748970158,1,2.318126495e-06,1.030229614
814,3,0.005613503106,1,2.322810661e-06,1.032601488
815,3,0.005476741034,1,2.327565399e-06,1.034978725
816,3,0.005340437326,1,2.332393827e-06,1.037361364
817,3,0.005208116842,1,2.337196347e-06,1.039749443
818,3,0.005083066279,1,2.34206808e-06,1.042143001
819,3,0.004967949355,1,2.347018883e-06,1.044542076
820,3,0.004865348905,1,2.352049704e-06,1.046946706
821,3,0.004777054397,1,2.357160119e-06,1.049356928
822,3,0.00470557473,1,2.36234827e-06,1.051772776
823,3,0.004653534684,1,2.367611103e-06,1.054194284
824,3,0.004622071626,1,2.372946057e-06,1.056621485
825,3,0.004611864095,1,2.378352143e-06,1.059054407
826,3,0.004625003557,1,2.383830307e-06,1.061493078
827,3,0.0046620036,1,2.389382819e-06,1.063937524
828,3,0.004723553685,1,2.395012492e-06,1.066387767
829,3,0.00481014265,1,2.400722209e-06,1.068843828
830,3,0.004920851408,1,2.406512287e-06,1.071305725
831,3,0.005056156947,1,2.412381672e-06,1.073773474
832,3,0.005213925673,1,2.418328077e-06,1.07624709
833,3,0.005390847607,1,2.424348015e-06,1.078726584
834,3,0.005585841968,1,2.430436913e-06,1.081211967
835,3,0.00579617206,1,2.436589398e-06,1.083703246
836,3,0.006015219371,1,2.442799672e-06,1.086200431
837,3,0.006239261353,1,2.44906199e-06,1.088703525
838,3,0.006460541262,1,2.455371078e-06,1.091212536
839,3,0.006672540491,1,2.461722259e-06,1.093727465
840,3,0.00686595714,1,2.468111327e-06,1.096248319
841,3,0.007031937489,1,2.47453436e-06,1.098775099
842,3,0.007164922875,1,2.480987516e-06,1.101307809
843,3,0.007258056895,1,2.487466898e-06,1.103846451
844,3,0.007309595531,1,2.493968662e-06,1.106391029
845,3,0.007319451738,1,2.500489254e-06,1.108941547
846,3,0.007290806864,1,2.507025503e-06,1.111498008
847,3,0.007226379899,1,2.513574496e-06,1.114060416
848,3,0.007128921979,1,2.520133559e-06,1.116628777
849,3,0.007004948057,1,2.526700225e-06,1.119203096
850,3,0.006864102339,1,2.533272217e-06,1.12178338
851,3,0.006711294777,1,2.539847463e-06,1.124369637
852,3,0.006552194502,1,2.546424068e-06,1.126961875
853,3,0.006386187769,1,2.553000353e-06,1.129560104
854,3,0.006221152058,1,2.559574912e-06,1.132164336
855,3,0.006059616682,1,2.566146641e-06,1.134774581
856,3,0.005897392956,1,2.572714785e-06,1.137390854
857,3,0.005745554027,1,2.579278965e-06,1.140013168
858,3,0.005599821594,1,2.585839251e-06,1.14264154
859,3,0.005460482274,1,2.592396165e-06,1.145275986
860,3,0.005331122909,1,2.598950566e-06,1.147916523
861,3,0.005209702223,1,2.605503436e-06,1.150563172
862,3,0.005097063547,1,2.612055746e-06,1.15321595
863,3,0.004993306882,1,2.618608464e-06,1.155874879
864,3,0.00489954546,1,2.625162571e-06,1.158539979
865,3,0.004816158568,1,2.631719027e-06,1.161211273
866,3,0.004742931484,1,2.638278697e-06,1.16388878
867,3,0.004679907639,1,2.644842294e-06,1.166572524
868,3,0.004627229441,1,2.651410363e-06,1.169262525
869,3,0.004585074317,1,2.657983285e-06,1.171958804
870,3,0.004553675243,1,2.66456127e-06,1.174661381
871,3,0.004533763763,1,2.671144303e-06,1.177370275
872,3,0.004524814582,1,2.677732071e-06,1.180085504
873,3,0.004526958662,1,2.684323902e-06,1.182807085
874,3,0.00454170684,1,2.690918755e-06,1.185535034
875,3,0.00456942957,1,2.697515279e-06,1.188269363
876,3,0.004610054174,1,2.704111895e-06,1.191010086
877,3,0.004663878221,1,2.710706822e-06,1.193757211
878,3,0.004730787,1,2.71729816e-06,1.19651075
879,3,0.004810956972,1,2.723883781e-06,1.199270708
880,3,0.004904845784,1,2.730461224e-06,1.202037091
881,3,0.005011936456,1,2.737027636e-06,1.204809905
882,3,0.005131421186,1,2.743579739e-06,1.207589152
883,3,0.005262251636,1,2.75011389e-06,1.210374834
884,3,0.005401875925,1,2.756626222e-06,1.213166953
885,3,0.005548555109,1,2.763112817e-06,1.21596551
886,3,0.005701949468,1,2.769569775e-06,1.218770506
887,3,0.005858441818,1,2.775993145e-06,1.22158194
888,3,0.006014864617,1,2.782379018e-06,1.224399814
889,3,0.006169001579,1,2.788723632e-06,1.227224129
890,3,0.006318032466,1,2.795023631e-06,1.230054885
891,3,0.006460995652,1,2.80127628e-06,1.232892085
892,3,0.00659536715,1,2.807479377e-06,1.235735731
893,3,0.006717892287,1,2.813631116e-06,1.238585829
894,3,0.006825738609,1,2.81973064e-06,1.241442383
895,3,0.006917217118,1,2.825778184e-06,1.2443054
896,3,0.006991026526,1,2.831715776e-06,1.247174888
897,3,0.00704671442,1,2.837580692e-06,1.250050857
898,3,0.007086081989,1,2.843404906e-06,1.252933317
899,3,0.007109170003,1,2.849191903e-06,1.255822282
900,3,0.007115614417,1,2.854945296e-06,1.258717766
901,3,0.007107073159,1,2.860669297e-06,1.261619786
902,3,0.007081827431,1,2.866368645e-06,1.264528359
903,3,0.007042330546,1,2.872048633e-06,1.267443504
904,3,0.006992138513,1,2.877715037e-06,1.270365243
905,3,0.006929400888,1,2.883373961e-06,1.273293597
906,3,0.006856736535,1,2.889031714e-06,1.276228591
907,3,0.006773806589,1,2.894694732e-06,1.279170247
908,3,0.006687970389,1,2.900369445e-06,1.282118591
909,3,0.006596722186,1,2.906062201e-06,1.28507365
910,3,0.006503011402,1,2.911779237e-06,1.288035449
911,3,0.006407183101,1,2.917526677e-06,1.291004014
912,3,0.006312444739,1,2.923310439e-06,1.293979372
913,3,0.006221241449,1,2.929136182e-06,1.296961549
914,3,0.006135083665,1,2.935009234e-06,1.299950569
915,3,0.006053069246,1,2.940935104e-06,1.302946459
916,3,0.005979229682,1,2.946919369e-06,1.30594924
917,3,0.005914442337,1,2.952967421e-06,1.308958937
918,3,0.005861627764,1,2.959081244e-06,1.31197557
919,3,0.005822270839,1,2.965172623e-06,1.314999161
920,3,0.005798478971,1,2.971336624e-06,1.318029728
921,3,0.005792505396,1,2.977576841e-06,1.321067289
922,3,0.005807218345,1,2.983896372e-06,1.324111861
923,3,0.005844166143,1,2.990298257e-06,1.327163461
924,3,0.005903082001,1,2.996785546e-06,1.330222102
925,3,0.005983807817,1,3.003361021e-06,1.333287798
926,3,0.006086176315,1,3.010026609e-06,1.336360563
927,3,0.006209745245,1,3.016783566e-06,1.339440409
928,3,0.006351908547,1,3.023632791e-06,1.342527349
929,3,0.006507881338,1,3.030574542e-06,1.345621394
930,3,0.006674299991,1,3.037608275e-06,1.348722557
931,3,0.006846846069,1,3.044732566e-06,1.351830851
932,3,0.007020603281,1,3.051945883e-06,1.354946289
933,3,0.007191539791,1,3.059246814e-06,1.358068884
934,3,0.007353940332,1,3.066633733e-06,1.361198652
935,3,0.00750536351,1,3.074104548e-06,1.364335607
936,3,0.007645121313,1,3.081656372e-06,1.367479768
937,3,0.007771306288,1,3.089285384e-06,1.370631152
938,3,0.007880433429,1,3.096987148e-06,1.373789778
939,3,0.007969800023,1,3.104757079e-06,1.376955666
940,3,0.008039482294,1,3.112590711e-06,1.380128839
941,3,0.008089936002,1,3.120483614e-06,1.383309318
942,3,0.008123587026,1,3.128431307e-06,1.386497127
943,3,0.008139260739,1,3.136429119e-06,1.389692292
944,3,0.008139701819,1,3.1444721e-06,1.392894837
945,3,0.008125984882,1,3.152555008e-06,1.396104789
946,3,0.008098437485,1,3.160672462e-06,1.399322174
947,3,0.008058952342,1,3.168819232e-06,1.402547019
948,3,0.008008263254,1,3.176990265e-06,1.405779351
949,3,0.007945739387,1,3.185180488e-06,1.409019196
950,3,0.007874944343,1,3.193384643e-06,1.412266581
951,3,0.007795077553,1,3.201597564e-06,1.415521532
952,3,0.00771238042,1,3.209814332e-06,1.418784074
953,3,0.007627870157,1,3.218030401e-06,1.42205423
954,3,0.007543131381,1,3.226241546e-06,1.425332024
955,3,0.007459456966,1,3.234443822e-06,1.428617477
956,3,0.007379275601,1,3.242633594e-06,1.431910609
957,3,0.007306631033,1,3.250807511e-06,1.435211439
958,3,0.007243099532,1,3.258962197e-06,1.438519983
959,3,0.007191528005,1,3.267094474e-06,1.441836257
960,3,0.007153192217,1,3.275201313e-06,1.445160276
961,3,0.007130807433,1,3.283279578e-06,1.448492051
962,3,0.007123834131,1,3.291326356e-06,1.451831593
963,3,0.007133650493,1,3.299339334e-06,1.455178914
964,3,0.007159202489,1,3.307317115e-06,1.458534022
965,3,0.007201243694,1,3.315259437e-06,1.461896926
966,3,0.007259027097,1,3.323166921e-06,1.465267633
967,3,0.00733398632,1,3.331040437e-06,1.468646153
968,3,0.007424266855,1,3.338880313e-06,1.472032494
969,3,0.007527324823,1,3.34668593e-06,1.475426663
970,3,0.007642079379,1,3.354456034e-06,1.478828672
971,3,0.007768008135,1,3.362189494e-06,1.48223853
972,3,0.007901071708,1,3.369885849e-06,1.485656248
973,3,0.008039645376,1,3.377545526e-06,1.489081839
974,3,0.008181195186,1,3.385169776e-06,1.492515317
975,3,0.008323301546,1,3.392760517e-06,1.495956696
976,3,0.008466340493,1,3.400320238e-06,1.499405992
977,3,0.008604538781,1,3.407852051e-06,1.502863224
978,3,0.008741066078,1,3.41535972e-06,1.506328409
979,3,0.008867901359,1,3.422847353e-06,1.509801566
980,3,0.008983844741,1,3.430319104e-06,1.513282716
981,3,0.009089609679,1,3.43777883e-06,1.516771878
982,3,0.009185431923,1,3.445229956e-06,1.520269073
983,3,0.009262818475,1,3.452675626e-06,1.523774322
984,3,0.009329899895,1,3.46011886e-06,1.527287645
985,3,0.009382781071,1,3.467562692e-06,1.530809063
986,3,0.009438395412,1,3.475010282e-06,1.534338594
987,3,0.009484847687,1,3.482464831e-06,1.537876257
988,3,0.009517558006,1,3.48992941e-06,1.54142207
989,3,0.009549676552,1,3.497406888e-06,1.54497605
990,3,0.009594084963,1,3.504899717e-06,1.548538211
991,3,0.009636849583,1,3.512410053e-06,1.552108567
992,3,0.009681125317,1,3.519939865e-06,1.555687133
993,3,0.009733443327,1,3.527490985e-06,1.559273921
994,3,0.009789053583,1,3.535065254e-06,1.562868941
995,3,0.009844011429,1,3.542664745e-06,1.566472206
996,3,0.009899940366,1,3.550291774e-06,1.570083725
997,3,0.009955040032,1,3.557948711e-06,1.57370351
998,4,0.004800986973,1,3.565637857e-06,1.577331571
999,4,0.004796109515,1,3.573361406e-06,1.58096792
1000,3,0.009990025198,1,3.581123582e-06,1.584612563
1001,3,0.009980877377,1,3.588923358e-06,1.588265506
1002,3,0.009960545696,1,3.59675849e-06,1.591926776
1003,3,0.009956076758,1,3.60463294e-06,1.595596389
1004,3,0.009979455077,1,3.612551844e-06,1.599274366
1005,4,0.004615801407,1,3.620519158e-06,1.602960726
1006,4,0.00457064064,1,3.628536715e-06,1.606655491
1007,3,0.009997463894,1,3.636605454e-06,1.61035865
1008,3,0.009999028957,1,3.644723739e-06,1.61407024
1009,3,0.009985390809,1,3.652891098e-06,1.617790327
1010,3,0.009986883095,1,3.661110546e-06,1.621518926
1011,4,0.004346245508,1,3.669386264e-06,1.625256067
1012,3,0.00998016021,1,3.677721195e-06,1.629001779
1013,4,0.004297938905,1,3.686115247e-06,1.632756049
1014,4,0.004273262163,1,3.694569931e-06,1.636518975
1015,3,0.009998695262,1,3.703083349e-06,1.640290529
1016,4,0.004310428757,1,3.711657829e-06,1.644070775
1017,4,0.004357961054,1,3.720298711e-06,1.647859789
1018,4,0.004446923854,1,3.729004232e-06,1.651657548
1019,4,0.004595777153,1,3.737776562e-06,1.655464111
1020,4,0.004796410012,1,3.746616505e-06,1.659279515
1021,4,0.005051164647,1,3.7555239e-06,1.663103795
1022,4,0.005362608535,1,3.764497966e-06,1.666936986
1023,4,0.005710724229,1,3.773537609e-06,1.670779119
1024,4,0.006077952781,1,3.782641356e-06,1.674630224
1025,4,0.006426549364,1,3.791807058e-06,1.678490327
1026,4,0.006720060415,1,3.801031685e-06,1.682359455
1027,4,0.006924962271,1,3.81031135e-06,1.686237631
1028,4,0.007020434238,1,3.819641449e-06,1.69012488
1029,4,0.007010518211,1,3.829016877e-06,1.694021221
1030,4,0.006913240698,1,3.838432228e-06,1.697926675
1031,4,0.006754124425,1,3.847881937e-06,1.701841261
1032,4,0.006561069103,1,3.857360183e-06,1.705764995
1033,4,0.006351362811,1,3.866860837e-06,1.709697892
1034,4,0.006140216522,1,3.876377326e-06,1.713639967
1035,4,0.005934898058,1,3.885902673e-06,1.717591231
1036,4,0.005743437166,1,3.895430204e-06,1.721551696
1037,4,0.005570399859,1,3.904954091e-06,1.725521372
1038,4,0.005416462711,1,3.914469614e-06,1.729500268
1039,4,0.005280540711,1,3.923972989e-06,1.733488393
1040,4,0.005162733412,1,3.933461225e-06,1.737485755
1041,4,0.005063692756,1,3.942931964e-06,1.741492363
1042,4,0.00498727364,1,3.952383251e-06,1.745508224
1043,4,0.004927826016,1,3.96181337e-06,1.749533347
1044,4,0.004903380795,1,3.971220742e-06,1.753567738
1045,4,0.004909688394,1,3.980603815e-06,1.757611405
1046,4,0.004949598951,1,3.989961356e-06,1.761664353
1047,4,0.005044151385,1,3.999292899e-06,1.765726589
1048,4,0.005195654349,1,4.008598717e-06,1.769798117
1049,4,0.005405755405,1,4.017879498e-06,1.773878942
1050,4,0.005728745726,1,4.027136086e-06,1.777969069
1051,4,0.006206267401,1,4.03636922e-06,1.782068503
1052,4,0.006835839168,1,4.045579635e-06,1.786177249
1053,4,0.007648041089,1,4.054768191e-06,1.790295315
1054,4,0.008673680585,1,4.063935957e-06,1.794422708
1055,4,0.009850150935,1,4.073084307e-06,1.798559439
1056,5,0.006164392091,1,4.082214989e-06,1.802705519
1057,5,0.006664473269,1,4.091330056e-06,1.806860963
1058,5,0.006788196786,1,4.100433673e-06,1.811025762
1059,5,0.006522575472,1,4.10952588e-06,1.815199938
1060,5,0.00602602458,1,4.11860656e-06,1.819383513
1061,5,0.005471277453,1,4.127675686e-06,1.82357651
1062,4,0.009194676476,1,4.136733881e-06,1.827778955
1063,4,0.008522106154,1,4.145782783e-06,1.831990871
1064,4,0.007983441551,1,4.154822553e-06,1.836212354
1065,4,0.007554529982,1,4.16385985e-06,1.84044339
1066,3,0.003341382458,1,4.172901375e-06,1.844683999
1067,3,0.004326414618,1,2.090976431e-06,0.9244671034
1068,3,0.005076633378,1,2.137402032e-06,0.9451295675
1069,3,0.005369654771,1,2.184953975e-06,0.9662538137
1070,3,0.005359669898,1,2.233625913e-06,0.9878501618
1071,3,0.00540048425,1,2.2833997e-06,1.009929163
1072,3,0.005573799693,1,2.334278069e-06,1.032501604
1073,3,0.005786468225,1,2.386281178e-06,1.055578515
1074,3,0.005958499025,1,2.439436322e-06,1.07917117
1075,3,0.006091475885,1,2.493771778e-06,1.103291097
1076,3,0.006218530277,1,2.549315294e-06,1.127950082
1077,3,0.006362425145,1,2.606094538e-06,1.153160175
1078,3,0.006531966511,1,2.664137725e-06,1.178933695
1079,3,0.006715492283,1,2.723473899e-06,1.205283242
1080,3,0.006918282409,1,2.784133019e-06,1.232221693
1081,3,0.007139861286,1,2.846145976e-06,1.259762218
1082,3,0.007402239223,1,2.909544624e-06,1.287918281
1083,3,0.007704100659,1,2.97436181e-06,1.316703649
1084,3,0.008051763624,1,3.040631447e-06,1.346132399
1085,3,0.008466312629,1,3.108388607e-06,1.376218928
1086,3,0.008968900262,1,3.1776695e-06,1.406977954
1087,3,0.00960570175,1,3.24851142e-06,1.438424531
1088,4,0.004341479644,1,3.320952677e-06,1.470574051
1089,4,0.004989758092,1,3.395032533e-06,1.503442253
1090,4,0.005884386365,1,3.470791031e-06,1.537045189
1091,4,0.007157185789,1,3.54826924e-06,1.57139937
1092,4,0.009004321052,1,3.627509662e-06,1.606521634
1093,5,0.006410990912,1,3.708557061e-06,1.642429197
1094,5,0.008737411805,1,3.791458646e-06,1.67913966
1095,6,0.006409502406,1,3.876262493e-06,1.716671037
1096,6,0.007034019744,1,3.96301989e-06,1.755041733
1097,6,0.006135271784,1,4.051782664e-06,1.794270586
1098,5,0.008915514864,1,4.142606056e-06,1.834376805
1099,3,0.005787967701,1,4.235547095e-06,1.875380029
1100,3,0.007139547417,1,2.122874923e-06,0.9398530679
1101,3,0.007925469681,1,2.170638619e-06,0.9608609054
1102,3,0.00791583442,1,2.219397015e-06,0.9823383859
1103,3,0.007528850746,1,2.269184674e-06,1.004296011
1104,3,0.007270419148,1,2.320074393e-06,1.026744517
1105,3,0.007219238348,1,2.372120147e-06,1.049694883
1106,3,0.00725434058,1,2.425354596e-06,1.07315833
1107,3,0.007287073,1,2.479801202e-06,1.097146327
1108,3,0.007305151458,1,2.535482963e-06,1.121670601
1109,3,0.007333800229,1,2.592425332e-06,1.146743137
1110,3,0.007389700422,1,2.650655956e-06,1.17237619
1111,3,0.007472133055,1,2.71020376e-06,1.198582286
1112,3,0.001137852822,1,2.771098363e-06,1.225374232
1113,3,0.001367919307,1,1.38890679e-06,0.6141005489
1114,3,0.001556341705,1,1.420117998e-06,0.6278270887
1115,3,0.001691095938,1,1.451994959e-06,0.6418604648
1116,3,0.001776944733,1,1.484554707e-06,0.6562075361
1117,3,0.001847113532,1,1.517829143e-06,0.6708753145
1118,3,0.001931946601,1,1.551847135e-06,0.6858709675
1119,3,0.002034471887,1,1.586631055e-06,0.701201822
1120,3,0.002146567731,1,1.622198977e-06,0.7168753683
1121,3,0.002258613707,1,1.658567523e-06,0.7328992643
1122,3,0.002368126886,1,1.695753558e-06,0.7492813393
1123,3,0.002477858526,1,1.733774724e-06,0.7660295983
1124,3,0.002593687059,1,1.772649359e-06,0.783152225
1125,3,0.002719373853,1,1.81239627e-06,0.800657586
1126,3,0.002854197336,1,1.853034587e-06,0.8185542342
1127,3,0.002997250101,1,1.89458374e-06,0.8368509129
1128,3,0.00315074691,1,1.937063482e-06,0.8555565604
1129,3,0.003318498447,1,1.980493934e-06,0.874680314
1130,3,0.003504550652,1,2.024895603e-06,0.8942315151
1131,3,0.003712909124,1,2.070289403e-06,0.9142197136
1132,3,0.003948170535,1,2.116696658e-06,0.9346546722
1133,3,0.004215870616,1,2.164139094e-06,0.9555463716
1134,3,0.004522288086,1,2.212638824e-06,0.9769050142
1135,3,0.004877084265,1,2.262218317e-06,0.9987410295
1136,3,0.005292986542,1,2.312900372e-06,1.021065079
1137,3,0.005787724612,1,2.36470812e-06,1.043888059
1138,3,0.006386405299,1,2.417665072e-06,1.06722111
1139,3,0.007123960273,1,2.47179517e-06,1.09107562
1140,3,0.008050466546,1,2.527122787e-06,1.115463228
1141,3,0.009238704662,1,2.583672703e-06,1.140395834
1142,4,0.0045438116,1,2.641470045e-06,1.165885603
1143,4,0.005592174427,1,2.700540295e-06,1.19194497
1144,4,0.007015098546,1,2.760909697e-06,1.218586654
1145,4,0.008921274814,1,2.822604693e-06,1.245823635
1146,5,0.005262895109,1,2.885652292e-06,1.273669197
1147,5,0.006250989351,1,2.95007978e-06,1.302136926
1148,5,0.006484181755,1,3.015914867e-06,1.331240697
1149,5,0.005958325115,1,3.083184794e-06,1.360994716
1150,5,0.005206076453,1,3.1519169e-06,1.391413502
1151,4,0.009448965723,1,3.222138835e-06,1.422511905
1152,3,0.003393515655,1,3.293878914e-06,1.454305107
1153,3,0.004018562767,1,1.650571258e-06,0.7288277821
1154,3,0.004416828768,1,1.687250712e-06,0.7451174632
1155,3,0.004548293477,1,1.724794774e-06,0.7617711897
1156,3,0.00450531643,1,1.763211675e-06,0.7787970963
1157,3,0.004451406182,1,1.802496104e-06,0.7962034988
1158,3,0.004460335996,1,1.8426509e-06,0.8139988987
1159,3,0.004514135534,1,1.883689167e-06,0.8321919877
1160,3,0.004578594477,1,1.925629984e-06,0.8507916523
1161,3,0.004638580966,1,1.968494459e-06,0.8698069775
1162,3,0.004697424871,1,2.012303878e-06,0.8892472512
1163,3,0.004762653078,1,2.057079359e-06,0.9091219687
1164,3,0.0048378446,1,2.102842077e-06,0.9294408374
1165,3,0.00492235513,1,2.149613524e-06,0.9502137813
1166,3,0.005013945876,1,2.197415727e-06,0.9714509465
1167,3,0.005113105129,1,2.246271313e-06,0.9931627056
1168,3,0.005219351852,1,2.296203536e-06,1.015359663
1169,3,0.0006866321563,1,2.347236332e-06,1.038052659
1170,3,0.0008065832232,1,1.176173691e-06,0.52022195
1171,3,0.0009096467578,1,1.202314297e-06,0.5318491451
1172,3,0.0009944021276,1,1.229064583e-06,0.5437361978
1173,3,0.001060902132,1,1.256434498e-06,0.5558889152
1174,3,0.001118230033,1,1.284426842e-06,0.5683132337
1175,3,0.001178677203,1,1.313046462e-06,0.581015223
1176,3,0.001247221776,1,1.342302522e-06,0.5940010888
1177,3,0.001322726384,1,1.372207599e-06,0.6072771759
1178,3,0.001402146732,1,1.402776179e-06,0.6208499712
1179,3,0.001484023908,1,1.43402353e-06,0.6347261062
1180,3,0.001568253549,1,1.465965191e-06,0.6489123605
1181,3,0.001655478559,1,1.498616885e-06,0.6634156652
1182,3,0.00174658933,1,1.531994604e-06,0.6782431062
1183,3,0.001842256849,1,1.566114724e-06,0.693401928
1184,3,0.00194211862,1,1.600994064e-06,0.7088995375
1185,3,0.002046649934,1,1.636649906e-06,0.7247435074
1186,3,0.002157060459,1,1.673099995e-06,0.7409415807
1187,3,0.002274889264,1,1.710362532e-06,0.7575016736
1188,3,0.00240195932,1,1.748456188e-06,0.77443188
1189,3,0.002540365711,1,1.78740011e-06,0.7917404751
1190,3,0.002692760936,1,1.827213943e-06,0.8094359196
1191,3,0.002862140558,1,1.867917839e-06,0.8275268639
1192,3,0.003051818501,1,1.909532487e-06,0.8460221524
1193,3,0.003265486467,1,1.95207914e-06,0.8649308283
1194,3,0.003508261367,1,1.995579629e-06,0.8842621381
1195,3,0.003786167305,1,2.040056412e-06,0.9040255363
1196,3,0.004107708142,1,2.085532606e-06,0.9242306904
1197,3,0.004483405338,1,2.132032063e-06,0.9448874857
1198,3,0.004926640596,1,2.17957939e-06,0.9660060301
1199,3,0.005454401797,1,2.228199925e-06,0.9875966589
1200,3,0.006088440346,1,2.277919681e-06,1.00966994
1201,3,0.006855208272,1,2.328765302e-06,1.032236678
1202,3,0.007785192817,1,2.380764064e-06,1.055307922
1203,3,0.008909344028,1,2.433943904e-06,1.078894968
1204,4,0.004276868136,1,2.488333428e-06,1.103009364
1205,4,0.005014012212,1,2.543961928e-06,1.127662919
1206,4,0.005805246169,1,2.600859044e-06,1.152867705
1207,4,0.006558360994,1,2.659055663e-06,1.178636079
1208,4,0.007148226831,1,2.718583584e-06,1.204980662
1209,4,0.007467303704,1,2.779476049e-06,1.231914353
1210,4,0.007487389517,1,2.841768077e-06,1.25945034
1211,4,0.007280837404,1,2.90549643e-06,1.287602099
1212,4,0.006965227855,1,2.970699195e-06,1.31638341
1213,4,0.006630714994,1,3.037415168e-06,1.345808354
1214,4,0.006324630485,1,3.105683389e-06,1.375891328
1215,4,0.006060869684,1,3.17554292e-06,1.406647044
1216,3,0.002395844664,1,3.247032864e-06,1.43809054
1217,3,0.002898732575,1,1.627545357e-06,0.720704503
1218,3,0.003254307622,1,1.664265172e-06,0.7368141573
1219,3,0.003459455991,1,1.701738301e-06,0.753283951
1220,3,0.003548067959,1,1.739985442e-06,0.7701219348
1221,3,0.003608138856,1,1.779066359e-06,0.7873363398
1222,3,0.003694938792,1,1.819030268e-06,0.8049355807
1223,3,0.003806949055,1,1.85990851e-06,0.8229282596
1224,3,0.003924982216,1,1.901722011e-06,0.8413231705
1225,3,0.004036698387,1,1.944488966e-06,0.8601293039
1226,3,0.004141838824,1,1.988228594e-06,0.879355851
1227,3,0.00424506769,1,2.032961852e-06,0.8990122082
1228,3,0.004350568246,1,2.078710895e-06,0.9191079813
1229,3,0.004458753428,1,2.125498482e-06,0.93965299
1230,3,0.0045695329,1,2.173347714e-06,0.9606572728
1231,3,0.004684044738,1,2.222282004e-06,0.9821310921
1232,3,0.004804707601,1,2.272325117e-06,1.004084939
1233,3,0.004932025392,1,2.323501117e-06,1.026529541
1234,3,0.005069098742,1,2.375834315e-06,1.049475861
1235,3,0.005215492964,1,2.429349161e-06,1.072935109
1236,3,0.005372120608,1,2.484070227e-06,1.096918746
1237,3,0.005540352938,1,2.540022115e-06,1.121438484
1238,3,0.005723606276,1,2.597229334e-06,1.146506297
1239,3,0.005934324047,1,2.655716408e-06,1.172134425
1240,3,0.006180271609,1,2.715508071e-06,1.19833538
1241,3,0.006463323931,1,2.776629219e-06,1.225121951
1242,3,0.00678912406,1,2.839104936e-06,1.252507211
1243,3,0.007174441838,1,2.902960466e-06,1.280504523
1244,3,0.0076463722,1,2.968221152e-06,1.309127549
1245,3,0.00823654088,1,3.034912371e-06,1.33839025
1246,3,0.008983587002,1,3.103059454e-06,1.368306902
1247,3,0.009939463111,1,3.172687725e-06,1.398892095
1248,4,0.005223272471,1,3.243822808e-06,1.430160744
1249,4,0.00616340686,1,3.316490542e-06,1.462128097
1250,4,0.007359651066,1,3.390718834e-06,1.494809791
1251,4,0.008834633179,1,3.466534536e-06,1.528221693
1252,5,0.005459485474,1,3.543964486e-06,1.562380081
1253,5,0.006342596157,1,3.623033717e-06,1.597301599
1254,5,0.00696314038,1,3.703767971e-06,1.633003258
1255,5,0.007139043434,1,3.786189239e-06,1.669502441
1256,5,0.006879085143,1,3.870319493e-06,1.706816939
1257,5,0.006398949014,1,3.956157236e-06,1.744964947
1258,5,0.005891236763,1,4.043594969e-06,1.783965073
1259,5,0.005439608121,1,4.132834609e-06,1.82383634
1260,3,0.004428940753,1,4.223921122e-06,1.864598204
1261,3,0.005548244507,1,2.116129282e-06,0.934446351
1262,3,0.00623028574,1,2.162972007e-06,0.9553313478
1263,3,0.006569366127,1,2.210787649e-06,0.9766830524
1264,3,0.006669971446,1,2.259769977e-06,0.9985118927
1265,3,0.006741358521,1,2.30987576e-06,1.020828528
1266,3,0.006874437309,1,2.36107774e-06,1.043643854
1267,3,0.007040628549,1,2.413390312e-06,1.066969013
1268,3,0.0072026245,1,2.466844509e-06,1.090815398
1269,3,0.007338251196,1,2.521472712e-06,1.115194657
1270,3,0.007458692032,1,2.577304613e-06,1.140118698
1271,3,0.007566995,1,2.634368056e-06,1.165599698
1272,3,0.007680743148,1,2.69269067e-06,1.191650109
1273,3,0.00780157977,1,2.752301013e-06,1.218282657
1274,3,0.007931432499,1,2.813229097e-06,1.245510359
1275,3,0.008070058629,1,2.875506534e-06,1.273346521
1276,3,0.008222508268,1,2.939166519e-06,1.30180475
1277,3,0.008398540313,1,3.004243487e-06,1.330898958
1278,3,0.008604877406,1,3.070773103e-06,1.360643374
1279,3,0.008847877044,1,3.138792623e-06,1.391052547
1280,3,0.009139416886,1,3.20834131e-06,1.422141355
1281,3,0.009504741522,1,3.279460669e-06,1.453925013
1282,3,0.009967884771,1,3.352194482e-06,1.486419082
1283,4,0.004661390514,1,3.426588626e-06,1.519639474
1284,4,0.00520065747,1,3.502690573e-06,1.553602461
1285,4,0.005930447878,1,3.580548549e-06,1.588324554
1286,4,0.006915991347,1,3.660209122e-06,1.623822888
1287,4,0.008231818853,1,3.741720577e-06,1.660114884
1288,4,0.00995942507,1,3.825136061e-06,1.697218356
1289,5,0.006668236534,1,3.910513987e-06,1.735151516
1290,5,0.008059249395,1,3.997916762e-06,1.773932971
1291,5,0.009254372574,1,4.087404065e-06,1.813581716
1292,5,0.009803617558,1,4.179041719e-06,1.854117233
1293,5,0.009645923912,1,4.272898845e-06,1.895559388
1294,5,0.009023696321,1,4.36904787e-06,1.937928479
1295,5,0.008261615431,1,4.467562615e-06,1.981245247
1296,5,0.007561153706,1,4.568514199e-06,2.025530887
1297,5,0.006970666648,1,4.671968166e-06,2.070807055
1298,3,0.00575694134,1,4.777982894e-06,2.117095882
1299,3,0.007380138789,1,2.395396996e-06,1.060990188
1300,3,0.008275265405,1,2.450066847e-06,1.084705953
1301,3,0.008752222024,1,2.505670074e-06,1.108951902
1302,3,0.008922817407,1,2.562248479e-06,1.133739886
1303,3,0.00903406253,1,2.620037174e-06,1.159082022
1304,3,0.009191260605,1,2.679174574e-06,1.184990701
1305,3,0.009360020345,1,2.739702442e-06,1.211478584
1306,3,0.009500776757,1,2.8016278e-06,1.238558615
1307,3,0.00960085861,1,2.864961217e-06,1.266244028
1308,3,0.00966275197,1,2.929725105e-06,1.294548349
1309,3,0.009723417155,1,2.995948911e-06,1.323485404
1310,3,0.009787933399,1,3.063663799e-06,1.353069332
1311,3,0.009864681181,1,3.132900527e-06,1.383314582
1312,3,0.009962604745,1,3.203688725e-06,1.414235929
1313,4,0.003929430915,1,3.276056795e-06,1.445848475
1314,4,0.004055846362,1,3.350032239e-06,1.478167658
1315,4,0.004241108471,1,3.425640122e-06,1.511209364
1316,4,0.004504191185,1,3.502910922e-06,1.544989647
1317,4,0.004872221083,1,3.581874675e-06,1.579524981
1318,4,0.005384824629,1,3.662558055e-06,1.614832202
1319,4,0.006093162089,1,3.744983804e-06,1.650928519
1320,4,0.007062854042,1,3.8291724e-06,1.687831528
1321,4,0.008377943899,1,3.915144232e-06,1.725559219
1322,5,0.005607275514,1,4.002920371e-06,1.764129986
1323,5,0.006939637573,1,4.092522313e-06,1.803562633
1324,5,0.008512182101,1,4.183975857e-06,1.843876433
1325,6,0.005639010556,1,4.27730106e-06,1.88509099
1326,6,0.006099481622,1,4.372515937e-06,1.927226397
1327,6,0.005944905969,1,4.469602041e-06,1.970303207
1328,5,0.009831052736,1,4.568343166e-06,2.014342414
1329,5,0.008927177718,1,4.669047428e-06,2.059365506
1330,5,0.008131394291,1,4.771773214e-06,2.105394478
1331,5,0.007473554141,1,4.876594594e-06,2.152451808
1332,3,0.006182613567,1,4.983597386e-06,2.200560486
1333,3,0.00797251586,1,2.496506821e-06,1.102815695
1334,3,0.00892822696,1,2.55164085e-06,1.127464513
1335,3,0.009490748773,1,2.608033079e-06,1.152664199
1336,3,0.009729113488,1,2.66573661e-06,1.178427064
1337,3,0.009870387295,1,2.724775652e-06,1.204765691
1338,4,0.003656314893,1,2.785111237e-06,1.231692945
1339,4,0.003720328997,1,2.84676857e-06,1.25922198
1340,4,0.003771101167,1,2.90979259e-06,1.287366212
1341,4,0.003805328481,1,2.974221746e-06,1.316139409
1342,4,0.003830301665,1,3.04008857e-06,1.345555627
1343,4,0.003858826977,1,3.107423424e-06,1.375629243
1344,4,0.003901744235,1,3.176257687e-06,1.406374953
1345,4,0.00396761692,1,3.246625012e-06,1.437807782
1346,4,0.004065979973,1,3.318562043e-06,1.469943091
1347,4,0.004206134757,1,3.392109102e-06,1.502796583
1348,4,0.004398112708,1,3.467310423e-06,1.536384316
1349,4,0.004653118519,1,3.544213741e-06,1.570722708
1350,4,0.004985083431,1,3.622869342e-06,1.60582855
1351,4,0.005412490967,1,3.703329168e-06,1.641719011
1352,4,0.005959868994,1,3.78564606e-06,1.678411649
1353,4,0.006654769937,1,3.869872955e-06,1.71592442
1354,4,0.007525071801,1,3.956063129e-06,1.754275685
1355,4,0.008589070344,1,4.04427074e-06,1.79348422
1356,4,0.009831792544,1,4.134551481e-06,1.833569223
1357,5,0.006278221189,1,4.226963382e-06,1.874550323
1358,5,0.007043953229,1,4.321566691e-06,1.916447586
1359,5,0.007644287083,1,4.418417984e-06,1.959281486
1360,5,0.007968674804,1,4.517584014e-06,2.003073033
1361,5,0.008009117893,1,4.619134414e-06,2.047843664
1362,5,0.007859064682,1,4.72313889e-06,2.093615286
1363,5,0.007599465751,1,4.829662958e-06,2.140410287
1364,5,0.007299833857,1,4.938765445e-06,2.188251545
1365,5,0.006990347568,1,5.05049644e-06,2.23716244
1366,5,0.006698155785,1,5.164897745e-06,2.28716687
1367,5,0.006417483516,1,5.282005207e-06,2.338289267
1368,5,0.006156660913,1,5.401851713e-06,2.390554611
1369,5,0.005914794284,1,5.524467498e-06,2.443988441
1370,5,0.005698656815,1,5.649881942e-06,2.498616871
1371,5,0.005523539556,1,5.77812442e-06,2.554466599
1372,3,0.005436255731,1,5.909223605e-06,2.611564913
1373,3,0.007389344424,1,2.962354811e-06,1.308793974
1374,3,0.008576502753,1,3.029480916e-06,1.338048044
1375,3,0.009199817252,1,3.097772841e-06,1.36795602
1376,3,0.009372897609,1,3.167382016e-06,1.398532516
1377,3,0.00953836948,1,3.238499839e-06,1.429792473
1378,3,0.009808183157,1,3.311211651e-06,1.461751163
1379,4,0.0043464694,1,3.385540254e-06,1.494424198
1380,4,0.004539620128,1,3.461499611e-06,1.527827538
1381,4,0.00475326371,1,3.539114173e-06,1.561977539
1382,4,0.005017235708,1,3.61841691e-06,1.596890847
1383,4,0.005347385864,1,3.699442564e-06,1.632584509
1384,4,0.005744566131,1,3.782223387e-06,1.669075947
1385,4,0.006207873596,1,3.866789206e-06,1.706382976
1386,4,0.006737954903,1,3.953169797e-06,1.74452381
1387,4,0.007332343358,1,4.041397127e-06,1.783517071
1388,4,0.007972153182,1,4.131506901e-06,1.823381804
1389,4,0.008625634058,1,4.223538782e-06,1.864137478
1390,4,0.00925536001,1,4.317535366e-06,1.905804
1391,4,0.00982955029,1,4.413541658e-06,1.948401722
1392,5,0.005496882168,1,4.511604926e-06,1.991951452
1393,5,0.005643455288,1,4.611774462e-06,2.036474462
1394,5,0.00569495304,1,4.714107462e-06,2.08199251
1395,5,0.005664336612,1,4.818648626e-06,2.128527819
1396,5,0.005574525257,1,4.925443106e-06,2.176103115
1397,5,0.005455537555,1,5.034539309e-06,2.224741633
1398,5,0.005323363598,1,5.145991991e-06,2.274467128
1399,4,0.009926823259,1,5.25986437e-06,2.325303891
1400,4,0.009793309762,1,5.376227244e-06,2.377276755
1401,4,0.009673466793,1,5.495150953e-06,2.430411152
1402,4,0.009555151907,1,5.616738331e-06,2.484733029
1403,4,0.009426680182,1,5.741090552e-06,2.540268934
1404,4,0.009281791288,1,5.868301007e-06,2.59704601
1405,4,0.009142754832,1,5.998453882e-06,2.655092011
1406,4,0.009053482497,1,6.131628827e-06,2.714435314
1407,4,0.009060782477,1,6.267907616e-06,2.775104932
1408,4,0.009212981045,1,6.407375439e-06,2.83713053
1409,4,0.009546924657,1,6.550118296e-06,2.900542442
1410,5,0.006454917127,1,6.696220989e-06,2.96537169
1411,5,0.006960300912,1,6.845764788e-06,3.031650001
1412,5,0.007523597406,1,6.998812509e-06,3.099409724
1413,5,0.008138230615,1,7.155460016e-06,3.168684156
1414,5,0.008794438836,1,7.315812152e-06,3.239507269
1415,5,0.009432997075,1,7.47997097e-06,3.311913774
1416,5,0.00993988899,1,7.648026726e-06,3.385939128
1417,6,0.006581972932,1,7.820059165e-06,3.461619539
1418,5,0.009997534661,1,7.996141905e-06,3.538991991
1419,5,0.009688524282,1,8.17631899e-06,3.618094308
1420,5,0.009284066659,1,8.360725482e-06,3.698965034
1421,5,0.008876349323,1,8.549379865e-06,3.781643683
1422,5,0.008478855591,1,8.742288109e-06,3.866170621
1423,5,0.008146926639,1,8.939470183e-06,3.952587129
1424,5,0.007908295817,1,9.140954472e-06,4.040935418
1425,5,0.007833511605,1,9.346774578e-06,4.131258632
1426,5,0.007702278945,1,9.55697733e-06,4.223600851
1427,5,0.007893170033,1,9.585309768e-06,4.235678807
1428,5,0.008317332797,1,9.608111351e-06,4.245445908
1429,5,0.008908177213,1,9.630644713e-06,4.255235187
1430,5,0.00963333036,1,9.652916428e-06,4.265046561
1431,6,0.007288081265,1,9.674944834e-06,4.274879984
1432,6,0.007622987432,1,9.696750679e-06,4.284735464
1433,6,0.007684084039,1,9.718391471e-06,4.294613055
1434,6,0.007565750679,1,9.739824316e-06,4.304512816
1435,6,0.007291750002,1,9.761057796e-06,4.314434856
1436,6,0.006939865846,1,9.782153705e-06,4.324379288
1437,5,0.009516769344,1,9.803194695e-06,4.334346207
1438,5,0.009285242782,1,9.824259956e-06,4.344335698
1439,5,0.009177705577,1,9.84539866e-06,4.354347973
1440,5,0.009098719134,1,9.866732273e-06,4.364383038
1441,5,0.009036419464,1,9.888309752e-06,4.374441013
1442,5,0.009012172305,1,9.91013448e-06,4.384522051
1443,5,0.009096016233,1,9.932202302e-06,4.394626333
1444,5,0.009315959593,1,9.954513594e-06,4.404754061
1445,5,0.009675592875,1,9.977070604e-06,4.414905438
1446,6,0.006996985174,1,9.999876684e-06,4.425080657
1447,6,0.007343948655,1,1.002293824e-05,4.435279886
1448,6,0.007733438938,1,1.004623838e-05,4.445503277
1449,6,0.008150711843,1,1.006982962e-05,4.455750988
1450,6,0.008419758644,1,1.009373959e-05,4.466023066
1451,6,0.00843050119,1,1.011795062e-05,4.476319515
1452,6,0.008177826695,1,1.014241203e-05,4.486640311
1453,6,0.007803782199,1,1.016705523e-05,4.496985419
1454,6,0.007380273588,1,1.019180222e-05,4.507354798
1455,5,0.009947473393,1,1.021657395e-05,4.517748402
1456,5,0.009850602361,1,1.024129824e-05,4.528166175
1457,5,0.009918654705,1,1.026591997e-05,4.538607867
1458,6,0.006734171731,1,1.029037244e-05,4.5490736
1459,5,0.009911411575,1,1.031464727e-05,4.559563313
1460,6,0.006821419769,1,1.033876974e-05,4.570077031
1461,6,0.007189056451,1,1.036271575e-05,4.580614424
1462,6,0.007927782589,1,1.038652068e-05,4.591175584
1463,6,0.009171467952,1,1.041017468e-05,4.60176038
1464,7,0.007771296695,1,1.043367308e-05,4.61236883
1465,7,0.008175268012,1,1.045702906e-05,4.623000997
1466,7,0.007799597448,1,1.048029379e-05,4.633656852
1467,6,0.009366464874,1,1.050346043e-05,4.644336582
1468,6,0.008591000777,1,1.052657127e-05,4.655040341
1469,6,0.008023001124,1,1.054969367e-05,4.66576847
1470,6,0.007508344085,1,1.057294944e-05,4.676520981
1471,6,0.007035461772,1,1.059640798e-05,4.687298038
1472,6,0.006691233016,1,1.062009806e-05,4.698099849
1473,5,0.009978084195,1,1.064403238e-05,4.708926655
1474,6,0.006940304056,1,1.066821692e-05,4.719778711
1475,6,0.007521495434,1,1.06926657e-05,4.730656386
1476,6,0.008643550293,1,1.071733829e-05,4.741559618
1477,7,0.007882896584,1,1.074223727e-05,4.75248875
1478,7,0.009822172656,1,1.076736985e-05,4.763443938
1479,8,0.008166124518,1,1.079271035e-05,4.774425376
1480,7,0.009282763162,1,1.081827589e-05,4.785433071
1481,7,0.007752191937,1,1.084403696e-05,4.796467125
1482,6,0.008974957953,1,1.086998304e-05,4.80752719
1483,6,0.008151703684,1,1.089602906e-05,4.818613276
1484,6,0.007576736559,1,1.092209831e-05,4.829725051
1485,6,0.007137110675,1,1.094810354e-05,4.84086262
1486,6,0.006874730223,1,1.097400392e-05,4.852025882
1487,6,0.006897351094,1,1.09997859e-05,4.863214701
1488,6,0.007440924781,1,1.102544698e-05,4.874428931
1489,6,0.008758769876,1,1.105098952e-05,4.885668433
1490,7,0.008301967935,1,1.107641732e-05,4.896933097
1491,8,0.008451210651,1,1.110173295e-05,4.90822285
1492,8,0.009569091444,1,1.112695933e-05,4.919537615
1493,8,0.008303705014,1,1.11520763e-05,4.930877283
1494,7,0.00851927239,1,1.117704729e-05,4.942241996
1495,6,0.009551770575,1,1.120190422e-05,4.95363196
1496,6,0.008565757298,1,1.122671232e-05,4.965047609
1497,6,0.00788758175,1,1.125157851e-05,4.976489312
1498,6,0.007343256093,1,1.127661646e-05,4.987957097
1499,6,0.007038124987,1,1.130186842e-05,4.999451209
1500,6,0.007154569738,1,1.132734091e-05,5.010971928
1501,6,0.007897222454,1,1.135303539e-05,5.022519546
1502,6,0.009475894973,1,1.137895696e-05,5.034094342
1503,7,0.009147715196,1,1.140511291e-05,5.045696564
1504,8,0.008871504632,1,1.143151192e-05,5.057326417
1505,8,0.009401792861,1,1.145814116e-05,5.068984076
1506,8,0.007884649411,1,1.14850238e-05,5.080669801
1507,7,0.008230111755,1,1.151220229e-05,5.092383625
1508,6,0.009462129918,1,1.153965284e-05,5.104125479
1509,6,0.008459487444,1,1.156731132e-05,5.115895072
1510,6,0.007794331067,1,1.159506052e-05,5.127692154
1511,6,0.007362524216,1,1.162276899e-05,5.139516794
1512,6,0.007339509197,1,1.165037866e-05,5.151368864
1513,6,0.007992244774,1,1.167787104e-05,5.163248203
1514,6,0.009558671746,1,1.170523929e-05,5.175154639
1515,7,0.009445439225,1,1.17324788e-05,5.187088022
1516,8,0.009291958469,1,1.175958526e-05,5.199048232
1517,9,0.007725277839,1,1.178657491e-05,5.211035264
1518,8,0.008563871714,1,1.181341739e-05,5.223048935
1519,7,0.009026489229,1,1.18400669e-05,5.235089175
1520,7,0.007315092943,1,1.186648721e-05,5.247156164
1521,6,0.008905145567,1,1.189276711e-05,5.259250184
1522,6,0.008000841185,1,1.191906823e-05,5.271371383
1523,6,0.007424210216,1,1.194547854e-05,5.283520164
1524,6,0.007295564638,1,1.197209528e-05,5.295696615
1525,6,0.007944188714,1,1.199895121e-05,5.307900972
1526,6,0.00972187614,1,1.202604997e-05,5.320133499
1527,8,0.008367356954,1,1.205339412e-05,5.332394465
1528,9,0.008489565324,1,1.208099008e-05,5.344684119
1529,9,0.008365004541,1,1.210881298e-05,5.357002528
1530,8,0.00893037712,1,1.213692097e-05,5.369350129
1531,7,0.009516509677,1,1.216538795e-05,5.381727099
1532,7,0.007656034066,1,1.219422095e-05,5.394133437
1533,6,0.009350333501,1,1.222332556e-05,5.406569064
1534,6,0.008294436149,1,1.225255064e-05,5.41903398
1535,6,0.007586675819,1,1.228181293e-05,5.431528029
1536,6,0.007399607036,1,1.231102188e-05,5.44405125
1537,6,0.008137930077,1,1.234014304e-05,5.456603585
1538,7,0.008299586068,1,1.236916574e-05,5.46918495
1539,8,0.009660981992,1,1.239808238e-05,5.481795251
1540,10,0.008231840612,1,1.242689942e-05,5.494434514
1541,10,0.007764157134,1,1.245559769e-05,5.507102596
1542,8,0.009569512007,1,1.248414253e-05,5.519799424
1543,7,0.009678724862,1,1.251245654e-05,5.532524926
1544,7,0.007763980095,1,1.254053218e-05,5.545279194
1545,6,0.009500722701,1,1.256850653e-05,5.558062381
1546,4,0.006984704087,1,1.259653984e-05,5.570874588
1547,5,0.006400855012,1,6.312349434e-06,2.791857996
1548,5,0.007797057037,1,6.453021315e-06,2.85425947
1549,5,0.006954585993,1,6.59705091e-06,2.918055614
1550,5,0.006272332469,1,6.74438782e-06,2.983277619
1551,5,0.006644934341,1,6.895022226e-06,3.049957368
1552,5,0.007816589018,1,7.04902181e-06,3.118127458
1553,5,0.009485890711,1,7.206478749e-06,3.187821215
1554,6,0.008281008101,1,7.36748204e-06,3.25907271
1555,7,0.007474558419,1,7.532116781e-06,3.331916779
1556,7,0.008906628075,1,7.700466346e-06,3.406389014
1557,7,0.00915878217,1,7.872619488e-06,3.482525838
1558,7,0.008308336705,1,8.048673005e-06,3.560364488
1559,7,0.007144099868,1,8.22872279e-06,3.639943014
1560,6,0.009162498189,1,8.412860604e-06,3.721300311
1561,6,0.008036763651,1,8.601174572e-06,3.804476145
1562,4,0.004985241641,1,8.793753925e-06,3.889511166
1563,4,0.007706154479,1,4.407193004e-06,1.949238692
1564,4,0.009587828713,1,4.505912678e-06,1.992806803
1565,4,0.009140476054,1,4.606752706e-06,2.037348738
1566,4,0.008247388116,1,4.709802962e-06,2.082886265
1567,4,0.008050639792,1,4.815153685e-06,2.129441639
1568,4,0.008156125795,1,4.922865e-06,2.177037612
1569,4,0.008161714583,1,5.032984251e-06,2.225697441
1570,4,0.008083528584,1,5.145560059e-06,2.275444907
1571,4,0.00813896998,1,5.260645179e-06,2.326304319
1572,4,0.008452082004,1,5.378294873e-06,2.378300528
1573,4,0.00903554601,1,5.498565594e-06,2.431458942
1574,4,0.009913130996,1,5.621514713e-06,2.485805533
1575,5,0.006918344939,1,5.747200707e-06,2.541366854
1576,5,0.008154303065,1,5.875683326e-06,2.59817005
1577,5,0.009668802243,1,6.007024637e-06,2.656242883
1578,6,0.007363300384,1,6.141286427e-06,2.715613712
1579,6,0.008183971845,1,6.278530901e-06,2.776311544
1580,6,0.00843714891,1,6.418822708e-06,2.838366038
1581,6,0.008125969608,1,6.562225595e-06,2.901807509
1582,6,0.007488262769,1,6.708805798e-06,2.966666956
1583,6,0.006787937113,1,6.858633174e-06,3.032976073
1584,6,0.006152932102,1,7.011781696e-06,3.100767264
1585,5,0.009234741075,1,7.168329334e-06,3.170073655
1586,5,0.008703578877,1,7.32835772e-06,3.24092911
1587,5,0.008306911529,1,7.491949652e-06,3.313368251
1588,3,0.00760219345,1,7.659197212e-06,3.387426472
1589,4,0.005112383566,1,3.838329326e-06,1.697617625
1590,4,0.006431695827,1,3.924023804e-06,1.735561637
1591,4,0.006327883975,1,4.011675198e-06,1.77435374
1592,4,0.005847068778,1,4.101307186e-06,1.814012891
1593,4,0.005843153886,1,4.192946097e-06,1.854558467
1594,4,0.006106556458,1,4.286632488e-06,1.896010283
1595,4,0.006336439453,1,4.382414081e-06,1.938388595
1596,4,0.006508377053,1,4.480339897e-06,1.981714111
1597,4,0.00678608418,1,4.580458879e-06,2.026008005
1598,4,0.007281049367,1,4.682820473e-06,2.071291923
1599,4,0.007993321845,1,4.787475236e-06,2.117587996
1600,4,0.008887448251,1,4.894475033e-06,2.164918848
1601,4,0.009935508764,1,5.003873025e-06,2.213307611
1602,5,0.0065864251,1,5.115723575e-06,2.262777932
1603,5,0.00736299301,1,5.230082185e-06,2.313353989
1604,5,0.008033328968,1,5.347004911e-06,2.365060497
1605,5,0.008464394008,1,5.466549906e-06,2.417922725
1606,5,0.008604289439,1,5.588776628e-06,2.471966508
1607,5,0.008497759407,1,5.713745646e-06,2.527218253
1608,5,0.008238136206,1,5.84151851e-06,2.58370496
1609,5,0.007910078665,1,5.972157715e-06,2.64145423
1610,5,0.007573798689,1,6.105726733e-06,2.700494284
1611,5,0.007264530233,1,6.242290052e-06,2.760853973
1612,5,0.006997687149,1,6.381913133e-06,2.822562791
1613,5,0.006778710744,1,6.524662367e-06,2.885650894
1614,5,0.006611314802,1,6.670605099e-06,2.950149114
1615,5,0.006500669475,1,6.819809725e-06,3.016088968
1616,5,0.006457258385,1,6.972345859e-06,3.083502679
1617,5,0.006501051056,1,7.128284554e-06,3.152423191
1618,5,0.006664258723,1,7.287698535e-06,3.22288418
1619,5,0.006987725836,1,7.450662445e-06,3.294920073
1620,5,0.007517862371,1,7.617253046e-06,3.368566066
1621,5,0.008304371408,1,7.787549314e-06,3.443858139
1622,5,0.009397725497,1,7.961632496e-06,3.520833073
1623,6,0.007487469161,1,8.139586206e-06,3.599528474
1624,6,0.008563092667,1,8.321496361e-06,3.67998279
1625,6,0.009335777143,1,8.507453426e-06,3.762235321
1626,6,0.009540980422,1,8.697544166e-06,3.846326263
1627,6,0.009222036788,1,8.891858831e-06,3.93229671
1628,6,0.00861710871,1,9.090492958e-06,4.02018868
1629,6,0.00796243989,1,9.29354689e-06,4.11004513
1630,6,0.007386690576,1,9.501124662e-06,4.201909975
1631,6,0.00693934722,1,9.713333511e-06,4.295828114
1632,5,0.009779130391,1,9.930283886e-06,4.391845445
1633,5,0.009808624776,1,1.015208933e-05,4.490008894
1634,6,0.006875698614,1,1.037886466e-05,4.590366448
1635,6,0.007087978403,1,1.061073275e-05,4.692967142
1636,6,0.007480466156,1,1.084781134e-05,4.797861115
1637,6,0.008305010394,1,1.109021566e-05,4.905099652
1638,6,0.009699614508,1,1.133806879e-05,5.014735175
1639,7,0.008710835127,1,1.159149718e-05,5.126821275
1640,7,0.009710033841,1,1.185062718e-05,5.241412739
1641,7,0.009755375767,1,1.211558178e-05,5.358565592
1642,7,0.009011333806,1,1.238649623e-05,5.47833707
1643,7,0.008076313251,1,1.266350381e-05,5.60078569
1644,6,0.009710186884,1,1.294673227e-05,5.725971269
1645,6,0.009363652003,1,1.323630589e-05,5.853954959
1646,6,0.009330796695,1,1.353234962e-05,5.984799234
1647,6,0.009469248419,1,1.383498514e-05,6.118568038
1648,6,0.009891702587,1,1.414434585e-05,6.255326709
1649,7,0.008255356634,1,1.446057588e-05,6.395142035
1650,7,0.009641146971,1,1.4783827e-05,6.538082299
1651,8,0.009457309425,1,1.511426243e-05,6.684217307
1652,9,0.008959135619,1,1.545202747e-05,6.833618426
1653,9,0.008347075281,1,1.579728716e-05,6.986358624
1654,8,0.008209110924,1,1.615020001e-05,7.142512529
1655,7,0.008880486377,1,1.618987122e-05,7.160163135
1656,7,0.008499636415,1,1.622691812e-05,7.176668226
1657,7,0.008374242384,1,1.626407862e-05,7.193211401
1658,7,0.008410273858,1,1.630139494e-05,7.209792762
1659,7,0.008912992818,1,1.633886876e-05,7.226412461
1660,8,0.008081723003,1,1.637649045e-05,7.243070652
1661,8,0.009613559373,1,1.641425165e-05,7.259767471
1662,9,0.009089405827,1,1.645214347e-05,7.276503045
1663,9,0.009051506742,1,1.649017477e-05,7.293277466
1664,8,0.009470060797,1,1.652834173e-05,7.310090819
1665,8,0.008294634621,1,1.656663952e-05,7.32694311
1666,7,0.009597124427,1,1.66050438e-05,7.34383431
1667,7,0.009611691564,1,1.664351268e-05,7.360764479
1668,8,0.007976486759,1,1.668201367e-05,7.37773359
1669,8,0.00846338718,1,1.672054019e-05,7.394741721
1670,8,0.009501547127,1,1.675910168e-05,7.411788926
1671,9,0.009135737475,1,1.679769423e-05,7.428875196
1672,10,0.008350049554,1,1.683632248e-05,7.446000592
1673,9,0.009374721997,1,1.687499902e-05,7.463165192
1674,8,0.009982820121,1,1.691372352e-05,7.480369091
1675,8,0.009191075132,1,1.695250326e-05,7.497612481
1676,8,0.008864509318,1,1.699137828e-05,7.514895539
1677,8,0.008877450673,1,1.703038784e-05,7.532218389
1678,8,0.009349775374,1,1.706954411e-05,7.549581197
1679,9,0.008409228317,1,1.710884636e-05,7.566984126
1680,9,0.009104965307,1,1.714829019e-05,7.584427328
1681,9,0.009470914491,1,1.718786823e-05,7.601910934
1682,9,0.009486841246,1,1.722758423e-05,7.619435079
1683,9,0.009013502039,1,1.726743286e-05,7.636999851
1684,9,0.008477611421,1,1.730739676e-05,7.654605317
1685,9,0.00838479122,1,1.734745452e-05,7.672251529
1686,9,0.008856582245,1,1.738758569e-05,7.689938528
1687,9,0.009823362732,1,1.742777259e-05,7.707666343
1688,10,0.009255985197,1,1.746800278e-05,7.725434999
1689,11,0.008310495365,1,1.750827124e-05,7.743244529
1690,10,0.009590549808,1,1.754858382e-05,7.761094986
1691,10,0.008615739596,1,1.758894214e-05,7.77898641
1692,9,0.009627231501,1,1.762934778e-05,7.796918881
1693,9,0.009376873228,1,1.766982715e-05,7.814892513
1694,9,0.009830653788,1,1.77104034e-05,7.832907443
1695,10,0.009267346076,1,1.775109964e-05,7.850963797
1696,11,0.009226768157,1,1.779192469e-05,7.869061716
1697,12,0.008961394234,1,1.783288022e-05,7.887201328
1698,12,0.008562200233,1,1.787396785e-05,7.905382787
1699,11,0.008512619448,1,1.791519352e-05,7.923606243
1700,10,0.009159880422,1,1.795656103e-05,7.941871829
1701,10,0.008897400768,1,1.79980601e-05,7.960179652
1702,10,0.009243752279,1,1.803966701e-05,7.978529796
1703,11,0.008720428419,1,1.80813596e-05,7.996922344
1704,12,0.009082968043,1,1.81231282e-05,8.015357368
1705,14,0.008442587553,1,1.816496974e-05,8.033834943
1706,15,0.008437223375,1,1.820687922e-05,8.052355131
1707,14,0.008388432889,1,1.824884981e-05,8.070917999
1708,12,0.009064316349,1,1.829087285e-05,8.089523608
1709,11,0.009587251983,1,1.833295042e-05,8.108172036
1710,11,0.009573213066,1,1.837510257e-05,8.12686338
1711,12,0.008773341802,1,1.841735682e-05,8.145597751
1712,13,0.008857381889,1,1.84597299e-05,8.164375258
1713,15,0.008416832672,1,1.850222501e-05,8.183196015
1714,16,0.009691762979,1,1.854484055e-05,8.20206014
1715,15,0.009922500882,1,1.858757654e-05,8.220967749
1716,14,0.008870255896,1,1.863043662e-05,8.239918961
1717,13,0.009390846434,1,1.867342156e-05,8.258913889
1718,13,0.009337384362,1,1.871652288e-05,8.277952637
1719,14,0.008453230641,1,1.875972643e-05,8.297035302
1720,14,0.009931193146,1,1.880302101e-05,8.316161982
1721,16,0.009022262845,1,1.884640263e-05,8.335332771
1722,17,0.009812143497,1,1.888986981e-05,8.354547762
1723,17,0.009870306272,1,1.893342131e-05,8.373807051
1724,16,0.009483669904,1,1.897705199e-05,8.393110732
1725,15,0.009764477857,1,1.902076412e-05,8.412458903
1726,15,0.009407056364,1,1.906456668e-05,8.431851665
1727,16,0.008503422317,1,1.910846983e-05,8.451289121
1728,16,0.009758383813,1,1.915248039e-05,8.470771379
1729,18,0.008539920233,1,1.91966022e-05,8.490298543
1730,19,0.008445117039,1,1.924083686e-05,8.509870722
1731,18,0.009642562076,1,1.928518548e-05,8.529488019
1732,18,0.008846862963,1,1.932964557e-05,8.549150539
1733,17,0.009641114885,1,1.937421547e-05,8.568858386
1734,18,0.008446027083,1,1.941889344e-05,8.588611662
1735,18,0.008793531939,1,1.946367583e-05,8.60841047
1736,19,0.008718014595,1,1.95085603e-05,8.628254915
1737,19,0.009809662392,1,1.955354298e-05,8.648145101
1738,20,0.008602237944,1,1.959862216e-05,8.668081134
1739,20,0.008813914957,1,1.964379895e-05,8.688063121
1740,19,0.009196109067,1,1.968907622e-05,8.708091171
1741,19,0.009665147766,1,1.973445423e-05,8.728165393
1742,19,0.009742441723,1,1.977993428e-05,8.748285896
1743,20,0.009223280853,1,1.982551893e-05,8.768452788
1744,21,0.008649511781,1,1.987121153e-05,8.788666176
1745,21,0.009260779486,1,1.991701486e-05,8.808926167
1746,21,0.009416975765,1,1.996292667e-05,8.829232868
1747,21,0.008710684667,1,2.000894534e-05,8.849586382
1748,21,0.008901545909,1,2.005507131e-05,8.869986813
1749,20,0.009667920067,1,2.010130675e-05,8.890434267
1750,21,0.009007968553,1,2.014764958e-05,8.91092885
1751,21,0.009083328996,1,2.019409706e-05,8.931470668
1752,21,0.008854172603,1,2.024064912e-05,8.952059831
1753,21,0.009723604078,1,2.02873077e-05,8.972696449
1754,20,0.00985821816,1,2.033407353e-05,8.993380633
1755,20,0.009562162041,1,2.038094586e-05,9.014112497
1756,20,0.009933373996,1,2.042792577e-05,9.034892154
1757,19,0.009869076619,1,2.047501465e-05,9.055719718
1758,20,0.009642532228,1,2.052221254e-05,9.076595301
1759,20,0.009048075367,1,2.056952024e-05,9.097519015
1760,19,0.009950330165,1,2.061693852e-05,9.118490973
1761,21,0.008929260489,1,2.066446722e-05,9.139511283
1762,19,0.009442888921,1,2.071210525e-05,9.160580057
1763,20,0.009491888072,1,2.075985213e-05,9.181697402
1764,20,0.009092487639,1,2.080770907e-05,9.202863429
1765,19,0.009485580115,1,2.085567851e-05,9.224078247
1766,21,0.009606992395,1,2.090375715e-05,9.245341967
1767,19,0.00948952631,1,2.095194417e-05,9.266654701
1768,20,0.009868495746,1,2.100024095e-05,9.288016561
1769,20,0.009685332636,1,2.10486495e-05,9.309427662
1770,19,0.009631435902,1,2.109717314e-05,9.330888118
1771,22,0.008721451564,1,2.114580838e-05,9.352398045
1772,19,0.009703305302,1,2.119455394e-05,9.37395756
1773,20,0.009751638103,1,2.1243411e-05,9.395566777
1774,21,0.008725002115,1,2.129238246e-05,9.417225812
1775,19,0.009706517421,1,2.134147121e-05,9.438934781
1776,22,0.008936435483,1,2.139067268e-05,9.460693799
1777,20,0.008622995023,1,2.143998467e-05,9.482502978
1778,20,0.009664445746,1,2.148940808e-05,9.504362436
1779,21,0.009325687337,1,2.153894651e-05,9.526272284
1780,19,0.009840606078,1,2.158860333e-05,9.548232639
1781,22,0.008929701215,1,2.163837346e-05,9.570243616
1782,20,0.00896780385,1,2.168825469e-05,9.592305329
1783,20,0.009554632114,1,2.17382483e-05,9.614417898
1784,21,0.00990360439,1,2.178835862e-05,9.636581437
1785,20,0.008611996478,1,2.183858994e-05,9.658796067
1786,22,0.008998272708,1,2.188893722e-05,9.681061906
1787,20,0.009401430181,1,2.193939757e-05,9.703379072
1788,20,0.009573698035,1,2.198997145e-05,9.725747685
1789,22,0.00899835895,1,2.204066339e-05,9.748167864
1790,20,0.0088530574,1,2.209147809e-05,9.770639729
1791,22,0.009042516581,1,2.214241035e-05,9.793163399
1792,20,0.00987893216,1,2.219345632e-05,9.815738992
1793,20,0.009711391269,1,2.224461638e-05,9.838366629
1794,22,0.009549090558,1,2.229589494e-05,9.861046429
1795,20,0.009143531885,1,2.234729753e-05,9.883778511
1796,22,0.009103610732,1,2.239881916e-05,9.906562996
1797,21,0.008883487898,1,2.245045575e-05,9.929400004
1798,20,0.009887046432,1,2.250220757e-05,9.952289656
1799,23,0.008613006814,1,2.255407949e-05,9.975232072
1800,20,0.009426818328,1,2.260607743e-05,9.998227375
1801,22,0.009190034002,1,2.265819636e-05,10.02127569
1802,21,0.009211588846,1,2.271043178e-05,10.04437713
1803,21,0.008709187354,1,2.276278351e-05,10.06753183
1804,23,0.008884146018,1,2.281525706e-05,10.0907399
1805,20,0.009738167999,1,2.286785835e-05,10.11400148
1806,22,0.009367725255,1,2.292058191e-05,10.13731668
1807,21,0.009498439027,1,2.297342263e-05,10.16068562
1808,21,0.00901645869,1,2.302638035e-05,10.18410844
1809,23,0.009006601341,1,2.307946149e-05,10.20758525
1810,21,0.008673047673,1,2.31326719e-05,10.23111618
1811,22,0.009624784709,1,2.318600591e-05,10.25470136
1812,21,0.009659709851,1,2.323945835e-05,10.2783409
1813,21,0.00938986258,1,2.329302899e-05,10.30203494
1814,23,0.008930022417,1,2.334672516e-05,10.3257836
1815,21,0.0088966379,1,2.340055231e-05,10.349587
1816,22,0.009875205535,1,2.345450399e-05,10.37344528
1817,21,0.009613969043,1,2.350857511e-05,10.39735855
1818,21,0.009774082251,1,2.356276566e-05,10.42132695
1819,23,0.008667948513,1,2.361708424e-05,10.44535061
1820,21,0.00901790531,1,2.367153533e-05,10.46942964
1821,23,0.008662567573,1,2.37261115e-05,10.49356418
1822,21,0.009412221119,1,2.378080815e-05,10.51775436
1823,22,0.008770766648,1,2.383562571e-05,10.5420003
1824,22,0.009534214844,1,2.389057389e-05,10.56630214
1825,21,0.009115356275,1,2.394565608e-05,10.59066
1826,22,0.00999432952,1,2.400086374e-05,10.615074
1827,21,0.009266232004,1,2.405619278e-05,10.63954429
1828,22,0.00925858737,1,2.411164438e-05,10.66407099
1829,22,0.009127425419,1,2.416722976e-05,10.68865423
1830,21,0.009574223428,1,2.42229506e-05,10.71329414
1831,22,0.009864490666,1,2.42787971e-05,10.73799085
1832,21,0.009406227064,1,2.433476551e-05,10.76274449
1833,22,0.009898575913,1,2.439085935e-05,10.78755519
1834,22,0.008794483653,1,2.444708969e-05,10.81242309
1835,22,0.00898387351,1,2.450345572e-05,10.83734831
1836,22,0.009521893278,1,2.455994779e-05,10.862331
1837,21,0.009755412708,1,2.461656302e-05,10.88737127
1838,23,0.008954319083,1,2.467330695e-05,10.91246927
1839,21,0.009778116405,1,2.473018977e-05,10.93762513
1840,22,0.009715253602,1,2.478720797e-05,10.96283898
1841,22,0.008899258126,1,2.484435246e-05,10.98811095
1842,22,0.00876736676,1,2.490162234e-05,11.01344117
1843,23,0.008794337003,1,2.495902484e-05,11.03882979
1844,21,0.00943999152,1,2.501656792e-05,11.06427694
1845,23,0.008937770344,1,2.507424544e-05,11.08978275
1846,21,0.009570674146,1,2.513205011e-05,11.11534736
1847,22,0.009123701907,1,2.518998183e-05,11.14097089
1848,22,0.009600405915,1,2.524804953e-05,11.1666535
1849,21,0.009233057141,1,2.530625964e-05,11.19239531
1850,23,0.009162366017,1,2.536460393e-05,11.21819646
1851,21,0.009176841829,1,2.542307656e-05,11.24405709
1852,22,0.009521877981,1,2.548167827e-05,11.26997734
1853,22,0.009225897221,1,2.554041919e-05,11.29595733
1854,21,0.009284282372,1,2.559930356e-05,11.32199722
1855,23,0.009180274472,1,2.565832195e-05,11.34809713
1856,21,0.009093753115,1,2.571747013e-05,11.37425722
1857,22,0.009913610846,1,2.577674984e-05,11.4004776
1858,22,0.008998735656,1,2.583617134e-05,11.42675843
1859,21,0.009416849917,1,2.589573731e-05,11.45309984
1860,23,0.008985329196,1,2.595543747e-05,11.47950198
1861,21,0.009091909716,1,2.60152692e-05,11.50596498
1862,23,0.008899533637,1,2.607523497e-05,11.53248898
1863,22,0.008862429854,1,2.613534504e-05,11.55907413
1864,21,0.00968372239,1,2.619560113e-05,11.58572056
1865,23,0.008781663731,1,2.625599145e-05,11.61242842
1866,21,0.009166249947,1,2.631651502e-05,11.63919784
1867,23,0.009136983853,1,2.63771751e-05,11.66602898
1868,22,0.008820969846,1,2.643798196e-05,11.69292196
1869,22,0.008812414357,1,2.649893596e-05,11.71987694
1870,22,0.009945208228,1,2.656002468e-05,11.74689406
1871,21,0.009335946661,1,2.662124826e-05,11.77397346
1872,23,0.009318138808,1,2.668261013e-05,11.80111528
1873,22,0.00880435822,1,2.674412203e-05,11.82831967
1874,22,0.009240913417,1,2.680578167e-05,11.85558678
1875,22,0.0099083891,1,2.686757676e-05,11.88291673
1876,21,0.009687301029,1,2.692950854e-05,11.9103097
1877,23,0.009584973787,1,2.699158147e-05,11.9377658
1878,22,0.008889778533,1,2.705380678e-05,11.9652852
1879,22,0.009836828294,1,2.711618026e-05,11.99286804
1880,22,0.009840384389,1,2.717869022e-05,12.02051447
1881,22,0.008903969139,1,2.724133837e-05,12.04822462
1882,23,0.009784819951,1,2.730413071e-05,12.07599865
1883,22,0.008966753204,1,2.736707773e-05,12.10383671
1884,23,0.009190627492,1,2.743017286e-05,12.13173894
1885,22,0.009599994477,1,2.749340606e-05,12.15970549
1886,22,0.009376295108,1,2.755677934e-05,12.18773651
1887,23,0.009614147478,1,2.762029982e-05,12.21583215
1888,22,0.008938695829,1,2.768397684e-05,12.24399256
1889,23,0.009576759701,1,2.774780271e-05,12.27221788
1890,22,0.009116672782,1,2.781176863e-05,12.30050827
1891,22,0.009781754152,1,2.787587625e-05,12.32886388
1892,23,0.008971721342,1,2.794013449e-05,12.35728485
1893,21,0.00997968344,1,2.800455079e-05,12.38577134
1894,23,0.00947468783,1,2.806911563e-05,12.4143235
